nodes,techs,timesteps,storage
netherlands,battery,2019-01-01 00:00:00,0.0
netherlands,battery,2019-01-01 01:00:00,0.0
netherlands,battery,2019-01-01 02:00:00,0.0
netherlands,battery,2019-01-01 03:00:00,0.0
netherlands,battery,2019-01-01 04:00:00,0.0
netherlands,battery,2019-01-01 05:00:00,0.0
netherlands,battery,2019-01-01 06:00:00,0.0
netherlands,battery,2019-01-01 07:00:00,0.0
netherlands,battery,2019-01-01 08:00:00,0.0
netherlands,battery,2019-01-01 09:00:00,0.0
netherlands,battery,2019-01-01 10:00:00,0.0
netherlands,battery,2019-01-01 11:00:00,0.0
netherlands,battery,2019-01-01 12:00:00,0.0
netherlands,battery,2019-01-01 13:00:00,0.0
netherlands,battery,2019-01-01 14:00:00,0.0
netherlands,battery,2019-01-01 15:00:00,0.0
netherlands,battery,2019-01-01 16:00:00,0.0
netherlands,battery,2019-01-01 17:00:00,0.0
netherlands,battery,2019-01-01 18:00:00,0.0
netherlands,battery,2019-01-01 19:00:00,0.0
netherlands,battery,2019-01-01 20:00:00,0.0
netherlands,battery,2019-01-01 21:00:00,0.0
netherlands,battery,2019-01-01 22:00:00,0.0
netherlands,battery,2019-01-01 23:00:00,0.0
netherlands,battery,2019-01-02 00:00:00,0.0
netherlands,battery,2019-01-02 01:00:00,0.0
netherlands,battery,2019-01-02 02:00:00,0.0
netherlands,battery,2019-01-02 03:00:00,0.0
netherlands,battery,2019-01-02 04:00:00,0.0
netherlands,battery,2019-01-02 05:00:00,0.0
netherlands,battery,2019-01-02 06:00:00,0.0
netherlands,battery,2019-01-02 07:00:00,0.0
netherlands,battery,2019-01-02 08:00:00,0.0
netherlands,battery,2019-01-02 09:00:00,0.0
netherlands,battery,2019-01-02 10:00:00,0.0
netherlands,battery,2019-01-02 11:00:00,0.0
netherlands,battery,2019-01-02 12:00:00,0.0
netherlands,battery,2019-01-02 13:00:00,0.0
netherlands,battery,2019-01-02 14:00:00,0.0
netherlands,battery,2019-01-02 15:00:00,0.0
netherlands,battery,2019-01-02 16:00:00,0.0
netherlands,battery,2019-01-02 17:00:00,0.0
netherlands,battery,2019-01-02 18:00:00,0.0
netherlands,battery,2019-01-02 19:00:00,0.0
netherlands,battery,2019-01-02 20:00:00,0.0
netherlands,battery,2019-01-02 21:00:00,0.0
netherlands,battery,2019-01-02 22:00:00,0.0
netherlands,battery,2019-01-02 23:00:00,0.0
netherlands,battery,2019-01-03 00:00:00,0.0
netherlands,battery,2019-01-03 01:00:00,0.0
netherlands,battery,2019-01-03 02:00:00,0.0
netherlands,battery,2019-01-03 03:00:00,0.0
netherlands,battery,2019-01-03 04:00:00,0.0
netherlands,battery,2019-01-03 05:00:00,0.0
netherlands,battery,2019-01-03 06:00:00,0.0
netherlands,battery,2019-01-03 07:00:00,0.0
netherlands,battery,2019-01-03 08:00:00,0.0
netherlands,battery,2019-01-03 09:00:00,0.0
netherlands,battery,2019-01-03 10:00:00,0.0
netherlands,battery,2019-01-03 11:00:00,0.0
netherlands,battery,2019-01-03 12:00:00,0.0
netherlands,battery,2019-01-03 13:00:00,0.0
netherlands,battery,2019-01-03 14:00:00,0.0
netherlands,battery,2019-01-03 15:00:00,0.0
netherlands,battery,2019-01-03 16:00:00,0.0
netherlands,battery,2019-01-03 17:00:00,0.0
netherlands,battery,2019-01-03 18:00:00,0.0
netherlands,battery,2019-01-03 19:00:00,0.0
netherlands,battery,2019-01-03 20:00:00,0.0
netherlands,battery,2019-01-03 21:00:00,0.0
netherlands,battery,2019-01-03 22:00:00,0.0
netherlands,battery,2019-01-03 23:00:00,0.0
netherlands,battery,2019-01-04 00:00:00,0.0
netherlands,battery,2019-01-04 01:00:00,0.0
netherlands,battery,2019-01-04 02:00:00,0.0
netherlands,battery,2019-01-04 03:00:00,0.0
netherlands,battery,2019-01-04 04:00:00,0.0
netherlands,battery,2019-01-04 05:00:00,0.0
netherlands,battery,2019-01-04 06:00:00,0.0
netherlands,battery,2019-01-04 07:00:00,0.0
netherlands,battery,2019-01-04 08:00:00,0.0
netherlands,battery,2019-01-04 09:00:00,0.0
netherlands,battery,2019-01-04 10:00:00,0.0
netherlands,battery,2019-01-04 11:00:00,0.0
netherlands,battery,2019-01-04 12:00:00,0.0
netherlands,battery,2019-01-04 13:00:00,0.0
netherlands,battery,2019-01-04 14:00:00,0.0
netherlands,battery,2019-01-04 15:00:00,0.0
netherlands,battery,2019-01-04 16:00:00,0.0
netherlands,battery,2019-01-04 17:00:00,0.0
netherlands,battery,2019-01-04 18:00:00,0.0
netherlands,battery,2019-01-04 19:00:00,0.0
netherlands,battery,2019-01-04 20:00:00,0.0
netherlands,battery,2019-01-04 21:00:00,0.0
netherlands,battery,2019-01-04 22:00:00,0.0
netherlands,battery,2019-01-04 23:00:00,0.0
netherlands,battery,2019-01-05 00:00:00,0.0
netherlands,battery,2019-01-05 01:00:00,0.0
netherlands,battery,2019-01-05 02:00:00,0.0
netherlands,battery,2019-01-05 03:00:00,0.0
netherlands,battery,2019-01-05 04:00:00,0.0
netherlands,battery,2019-01-05 05:00:00,0.0
netherlands,battery,2019-01-05 06:00:00,0.0
netherlands,battery,2019-01-05 07:00:00,0.0
netherlands,battery,2019-01-05 08:00:00,0.0
netherlands,battery,2019-01-05 09:00:00,0.0
netherlands,battery,2019-01-05 10:00:00,0.0
netherlands,battery,2019-01-05 11:00:00,0.0
netherlands,battery,2019-01-05 12:00:00,0.0
netherlands,battery,2019-01-05 13:00:00,0.0
netherlands,battery,2019-01-05 14:00:00,0.0
netherlands,battery,2019-01-05 15:00:00,0.0
netherlands,battery,2019-01-05 16:00:00,0.0
netherlands,battery,2019-01-05 17:00:00,0.0
netherlands,battery,2019-01-05 18:00:00,0.0
netherlands,battery,2019-01-05 19:00:00,0.0
netherlands,battery,2019-01-05 20:00:00,0.0
netherlands,battery,2019-01-05 21:00:00,0.0
netherlands,battery,2019-01-05 22:00:00,0.0
netherlands,battery,2019-01-05 23:00:00,0.0
netherlands,battery,2019-01-06 00:00:00,0.0
netherlands,battery,2019-01-06 01:00:00,0.0
netherlands,battery,2019-01-06 02:00:00,0.0
netherlands,battery,2019-01-06 03:00:00,0.0
netherlands,battery,2019-01-06 04:00:00,0.0
netherlands,battery,2019-01-06 05:00:00,0.0
netherlands,battery,2019-01-06 06:00:00,0.0
netherlands,battery,2019-01-06 07:00:00,0.0
netherlands,battery,2019-01-06 08:00:00,0.0
netherlands,battery,2019-01-06 09:00:00,0.0
netherlands,battery,2019-01-06 10:00:00,0.0
netherlands,battery,2019-01-06 11:00:00,0.0
netherlands,battery,2019-01-06 12:00:00,0.0
netherlands,battery,2019-01-06 13:00:00,0.0
netherlands,battery,2019-01-06 14:00:00,0.0
netherlands,battery,2019-01-06 15:00:00,0.0
netherlands,battery,2019-01-06 16:00:00,0.0
netherlands,battery,2019-01-06 17:00:00,0.0
netherlands,battery,2019-01-06 18:00:00,0.0
netherlands,battery,2019-01-06 19:00:00,0.0
netherlands,battery,2019-01-06 20:00:00,0.0
netherlands,battery,2019-01-06 21:00:00,0.0
netherlands,battery,2019-01-06 22:00:00,0.0
netherlands,battery,2019-01-06 23:00:00,0.0
netherlands,battery,2019-01-07 00:00:00,0.0
netherlands,battery,2019-01-07 01:00:00,0.0
netherlands,battery,2019-01-07 02:00:00,0.0
netherlands,battery,2019-01-07 03:00:00,0.0
netherlands,battery,2019-01-07 04:00:00,0.0
netherlands,battery,2019-01-07 05:00:00,0.0
netherlands,battery,2019-01-07 06:00:00,0.0
netherlands,battery,2019-01-07 07:00:00,0.0
netherlands,battery,2019-01-07 08:00:00,0.0
netherlands,battery,2019-01-07 09:00:00,0.0
netherlands,battery,2019-01-07 10:00:00,0.0
netherlands,battery,2019-01-07 11:00:00,0.0
netherlands,battery,2019-01-07 12:00:00,0.0
netherlands,battery,2019-01-07 13:00:00,0.0
netherlands,battery,2019-01-07 14:00:00,0.0
netherlands,battery,2019-01-07 15:00:00,0.0
netherlands,battery,2019-01-07 16:00:00,0.0
netherlands,battery,2019-01-07 17:00:00,0.0
netherlands,battery,2019-01-07 18:00:00,0.0
netherlands,battery,2019-01-07 19:00:00,0.0
netherlands,battery,2019-01-07 20:00:00,0.0
netherlands,battery,2019-01-07 21:00:00,0.0
netherlands,battery,2019-01-07 22:00:00,0.0
netherlands,battery,2019-01-07 23:00:00,0.0
netherlands,battery,2019-01-08 00:00:00,0.0
netherlands,battery,2019-01-08 01:00:00,0.0
netherlands,battery,2019-01-08 02:00:00,0.0
netherlands,battery,2019-01-08 03:00:00,0.0
netherlands,battery,2019-01-08 04:00:00,0.0
netherlands,battery,2019-01-08 05:00:00,0.0
netherlands,battery,2019-01-08 06:00:00,0.0
netherlands,battery,2019-01-08 07:00:00,0.0
netherlands,battery,2019-01-08 08:00:00,0.0
netherlands,battery,2019-01-08 09:00:00,0.0
netherlands,battery,2019-01-08 10:00:00,0.0
netherlands,battery,2019-01-08 11:00:00,0.0
netherlands,battery,2019-01-08 12:00:00,0.0
netherlands,battery,2019-01-08 13:00:00,0.0
netherlands,battery,2019-01-08 14:00:00,0.0
netherlands,battery,2019-01-08 15:00:00,0.0
netherlands,battery,2019-01-08 16:00:00,0.0
netherlands,battery,2019-01-08 17:00:00,0.0
netherlands,battery,2019-01-08 18:00:00,0.0
netherlands,battery,2019-01-08 19:00:00,0.0
netherlands,battery,2019-01-08 20:00:00,0.0
netherlands,battery,2019-01-08 21:00:00,0.0
netherlands,battery,2019-01-08 22:00:00,0.0
netherlands,battery,2019-01-08 23:00:00,0.0
netherlands,battery,2019-01-09 00:00:00,0.0
netherlands,battery,2019-01-09 01:00:00,0.0
netherlands,battery,2019-01-09 02:00:00,0.0
netherlands,battery,2019-01-09 03:00:00,0.0
netherlands,battery,2019-01-09 04:00:00,0.0
netherlands,battery,2019-01-09 05:00:00,0.0
netherlands,battery,2019-01-09 06:00:00,0.0
netherlands,battery,2019-01-09 07:00:00,0.0
netherlands,battery,2019-01-09 08:00:00,0.0
netherlands,battery,2019-01-09 09:00:00,0.0
netherlands,battery,2019-01-09 10:00:00,0.0
netherlands,battery,2019-01-09 11:00:00,0.0
netherlands,battery,2019-01-09 12:00:00,0.0
netherlands,battery,2019-01-09 13:00:00,0.0
netherlands,battery,2019-01-09 14:00:00,0.0
netherlands,battery,2019-01-09 15:00:00,0.0
netherlands,battery,2019-01-09 16:00:00,0.0
netherlands,battery,2019-01-09 17:00:00,0.0
netherlands,battery,2019-01-09 18:00:00,0.0
netherlands,battery,2019-01-09 19:00:00,0.0
netherlands,battery,2019-01-09 20:00:00,0.0
netherlands,battery,2019-01-09 21:00:00,0.0
netherlands,battery,2019-01-09 22:00:00,0.0
netherlands,battery,2019-01-09 23:00:00,0.0
netherlands,battery,2019-01-10 00:00:00,0.0
netherlands,battery,2019-01-10 01:00:00,0.0
netherlands,battery,2019-01-10 02:00:00,0.0
netherlands,battery,2019-01-10 03:00:00,0.0
netherlands,battery,2019-01-10 04:00:00,0.0
netherlands,battery,2019-01-10 05:00:00,0.0
netherlands,battery,2019-01-10 06:00:00,0.0
netherlands,battery,2019-01-10 07:00:00,0.0
netherlands,battery,2019-01-10 08:00:00,0.0
netherlands,battery,2019-01-10 09:00:00,0.0
netherlands,battery,2019-01-10 10:00:00,0.0
netherlands,battery,2019-01-10 11:00:00,0.0
netherlands,battery,2019-01-10 12:00:00,0.0
netherlands,battery,2019-01-10 13:00:00,0.0
netherlands,battery,2019-01-10 14:00:00,0.0
netherlands,battery,2019-01-10 15:00:00,0.0
netherlands,battery,2019-01-10 16:00:00,0.0
netherlands,battery,2019-01-10 17:00:00,0.0
netherlands,battery,2019-01-10 18:00:00,0.0
netherlands,battery,2019-01-10 19:00:00,0.0
netherlands,battery,2019-01-10 20:00:00,0.0
netherlands,battery,2019-01-10 21:00:00,0.0
netherlands,battery,2019-01-10 22:00:00,0.0
netherlands,battery,2019-01-10 23:00:00,0.0
netherlands,battery,2019-01-11 00:00:00,0.0
netherlands,battery,2019-01-11 01:00:00,0.0
netherlands,battery,2019-01-11 02:00:00,0.0
netherlands,battery,2019-01-11 03:00:00,0.0
netherlands,battery,2019-01-11 04:00:00,0.0
netherlands,battery,2019-01-11 05:00:00,0.0
netherlands,battery,2019-01-11 06:00:00,0.0
netherlands,battery,2019-01-11 07:00:00,0.0
netherlands,battery,2019-01-11 08:00:00,0.0
netherlands,battery,2019-01-11 09:00:00,0.0
netherlands,battery,2019-01-11 10:00:00,0.0
netherlands,battery,2019-01-11 11:00:00,0.0
netherlands,battery,2019-01-11 12:00:00,0.0
netherlands,battery,2019-01-11 13:00:00,0.0
netherlands,battery,2019-01-11 14:00:00,0.0
netherlands,battery,2019-01-11 15:00:00,0.0
netherlands,battery,2019-01-11 16:00:00,0.0
netherlands,battery,2019-01-11 17:00:00,0.0
netherlands,battery,2019-01-11 18:00:00,0.0
netherlands,battery,2019-01-11 19:00:00,0.0
netherlands,battery,2019-01-11 20:00:00,0.0
netherlands,battery,2019-01-11 21:00:00,0.0
netherlands,battery,2019-01-11 22:00:00,0.0
netherlands,battery,2019-01-11 23:00:00,0.0
netherlands,battery,2019-01-12 00:00:00,0.0
netherlands,battery,2019-01-12 01:00:00,0.0
netherlands,battery,2019-01-12 02:00:00,0.0
netherlands,battery,2019-01-12 03:00:00,0.0
netherlands,battery,2019-01-12 04:00:00,0.0
netherlands,battery,2019-01-12 05:00:00,0.0
netherlands,battery,2019-01-12 06:00:00,0.0
netherlands,battery,2019-01-12 07:00:00,0.0
netherlands,battery,2019-01-12 08:00:00,0.0
netherlands,battery,2019-01-12 09:00:00,0.0
netherlands,battery,2019-01-12 10:00:00,0.0
netherlands,battery,2019-01-12 11:00:00,0.0
netherlands,battery,2019-01-12 12:00:00,0.0
netherlands,battery,2019-01-12 13:00:00,0.0
netherlands,battery,2019-01-12 14:00:00,0.0
netherlands,battery,2019-01-12 15:00:00,0.0
netherlands,battery,2019-01-12 16:00:00,0.0
netherlands,battery,2019-01-12 17:00:00,0.0
netherlands,battery,2019-01-12 18:00:00,0.0
netherlands,battery,2019-01-12 19:00:00,0.0
netherlands,battery,2019-01-12 20:00:00,0.0
netherlands,battery,2019-01-12 21:00:00,0.0
netherlands,battery,2019-01-12 22:00:00,0.0
netherlands,battery,2019-01-12 23:00:00,0.0
netherlands,battery,2019-01-13 00:00:00,0.0
netherlands,battery,2019-01-13 01:00:00,0.0
netherlands,battery,2019-01-13 02:00:00,0.0
netherlands,battery,2019-01-13 03:00:00,0.0
netherlands,battery,2019-01-13 04:00:00,0.0
netherlands,battery,2019-01-13 05:00:00,0.0
netherlands,battery,2019-01-13 06:00:00,0.0
netherlands,battery,2019-01-13 07:00:00,0.0
netherlands,battery,2019-01-13 08:00:00,0.0
netherlands,battery,2019-01-13 09:00:00,0.0
netherlands,battery,2019-01-13 10:00:00,0.0
netherlands,battery,2019-01-13 11:00:00,0.0
netherlands,battery,2019-01-13 12:00:00,0.0
netherlands,battery,2019-01-13 13:00:00,0.0
netherlands,battery,2019-01-13 14:00:00,0.0
netherlands,battery,2019-01-13 15:00:00,0.0
netherlands,battery,2019-01-13 16:00:00,0.0
netherlands,battery,2019-01-13 17:00:00,0.0
netherlands,battery,2019-01-13 18:00:00,0.0
netherlands,battery,2019-01-13 19:00:00,0.0
netherlands,battery,2019-01-13 20:00:00,0.0
netherlands,battery,2019-01-13 21:00:00,0.0
netherlands,battery,2019-01-13 22:00:00,0.0
netherlands,battery,2019-01-13 23:00:00,0.0
netherlands,battery,2019-01-14 00:00:00,0.0
netherlands,battery,2019-01-14 01:00:00,0.0
netherlands,battery,2019-01-14 02:00:00,0.0
netherlands,battery,2019-01-14 03:00:00,0.0
netherlands,battery,2019-01-14 04:00:00,0.0
netherlands,battery,2019-01-14 05:00:00,0.0
netherlands,battery,2019-01-14 06:00:00,0.0
netherlands,battery,2019-01-14 07:00:00,0.0
netherlands,battery,2019-01-14 08:00:00,0.0
netherlands,battery,2019-01-14 09:00:00,0.0
netherlands,battery,2019-01-14 10:00:00,0.0
netherlands,battery,2019-01-14 11:00:00,0.0
netherlands,battery,2019-01-14 12:00:00,0.0
netherlands,battery,2019-01-14 13:00:00,0.0
netherlands,battery,2019-01-14 14:00:00,0.0
netherlands,battery,2019-01-14 15:00:00,0.0
netherlands,battery,2019-01-14 16:00:00,0.0
netherlands,battery,2019-01-14 17:00:00,0.0
netherlands,battery,2019-01-14 18:00:00,0.0
netherlands,battery,2019-01-14 19:00:00,0.0
netherlands,battery,2019-01-14 20:00:00,0.0
netherlands,battery,2019-01-14 21:00:00,0.0
netherlands,battery,2019-01-14 22:00:00,0.0
netherlands,battery,2019-01-14 23:00:00,0.0
netherlands,battery,2019-01-15 00:00:00,0.0
netherlands,battery,2019-01-15 01:00:00,0.0
netherlands,battery,2019-01-15 02:00:00,0.0
netherlands,battery,2019-01-15 03:00:00,0.0
netherlands,battery,2019-01-15 04:00:00,0.0
netherlands,battery,2019-01-15 05:00:00,0.0
netherlands,battery,2019-01-15 06:00:00,0.0
netherlands,battery,2019-01-15 07:00:00,0.0
netherlands,battery,2019-01-15 08:00:00,0.0
netherlands,battery,2019-01-15 09:00:00,0.0
netherlands,battery,2019-01-15 10:00:00,0.0
netherlands,battery,2019-01-15 11:00:00,0.0
netherlands,battery,2019-01-15 12:00:00,0.0
netherlands,battery,2019-01-15 13:00:00,0.0
netherlands,battery,2019-01-15 14:00:00,0.0
netherlands,battery,2019-01-15 15:00:00,0.0
netherlands,battery,2019-01-15 16:00:00,0.0
netherlands,battery,2019-01-15 17:00:00,0.0
netherlands,battery,2019-01-15 18:00:00,0.0
netherlands,battery,2019-01-15 19:00:00,0.0
netherlands,battery,2019-01-15 20:00:00,0.0
netherlands,battery,2019-01-15 21:00:00,0.0
netherlands,battery,2019-01-15 22:00:00,0.0
netherlands,battery,2019-01-15 23:00:00,0.0
netherlands,battery,2019-01-16 00:00:00,0.0
netherlands,battery,2019-01-16 01:00:00,0.0
netherlands,battery,2019-01-16 02:00:00,0.0
netherlands,battery,2019-01-16 03:00:00,0.0
netherlands,battery,2019-01-16 04:00:00,0.0
netherlands,battery,2019-01-16 05:00:00,0.0
netherlands,battery,2019-01-16 06:00:00,0.0
netherlands,battery,2019-01-16 07:00:00,0.0
netherlands,battery,2019-01-16 08:00:00,0.0
netherlands,battery,2019-01-16 09:00:00,0.0
netherlands,battery,2019-01-16 10:00:00,0.0
netherlands,battery,2019-01-16 11:00:00,0.0
netherlands,battery,2019-01-16 12:00:00,0.0
netherlands,battery,2019-01-16 13:00:00,0.0
netherlands,battery,2019-01-16 14:00:00,0.0
netherlands,battery,2019-01-16 15:00:00,0.0
netherlands,battery,2019-01-16 16:00:00,0.0
netherlands,battery,2019-01-16 17:00:00,0.0
netherlands,battery,2019-01-16 18:00:00,0.0
netherlands,battery,2019-01-16 19:00:00,0.0
netherlands,battery,2019-01-16 20:00:00,0.0
netherlands,battery,2019-01-16 21:00:00,0.0
netherlands,battery,2019-01-16 22:00:00,0.0
netherlands,battery,2019-01-16 23:00:00,0.0
netherlands,battery,2019-01-17 00:00:00,0.0
netherlands,battery,2019-01-17 01:00:00,0.0
netherlands,battery,2019-01-17 02:00:00,0.0
netherlands,battery,2019-01-17 03:00:00,0.0
netherlands,battery,2019-01-17 04:00:00,0.0
netherlands,battery,2019-01-17 05:00:00,0.0
netherlands,battery,2019-01-17 06:00:00,0.0
netherlands,battery,2019-01-17 07:00:00,0.0
netherlands,battery,2019-01-17 08:00:00,0.0
netherlands,battery,2019-01-17 09:00:00,0.0
netherlands,battery,2019-01-17 10:00:00,0.0
netherlands,battery,2019-01-17 11:00:00,0.0
netherlands,battery,2019-01-17 12:00:00,0.0
netherlands,battery,2019-01-17 13:00:00,0.0
netherlands,battery,2019-01-17 14:00:00,0.0
netherlands,battery,2019-01-17 15:00:00,0.0
netherlands,battery,2019-01-17 16:00:00,0.0
netherlands,battery,2019-01-17 17:00:00,0.0
netherlands,battery,2019-01-17 18:00:00,0.0
netherlands,battery,2019-01-17 19:00:00,0.0
netherlands,battery,2019-01-17 20:00:00,0.0
netherlands,battery,2019-01-17 21:00:00,0.0
netherlands,battery,2019-01-17 22:00:00,0.0
netherlands,battery,2019-01-17 23:00:00,0.0
netherlands,battery,2019-01-18 00:00:00,0.0
netherlands,battery,2019-01-18 01:00:00,0.0
netherlands,battery,2019-01-18 02:00:00,0.0
netherlands,battery,2019-01-18 03:00:00,0.0
netherlands,battery,2019-01-18 04:00:00,0.0
netherlands,battery,2019-01-18 05:00:00,0.0
netherlands,battery,2019-01-18 06:00:00,0.0
netherlands,battery,2019-01-18 07:00:00,0.0
netherlands,battery,2019-01-18 08:00:00,0.0
netherlands,battery,2019-01-18 09:00:00,0.0
netherlands,battery,2019-01-18 10:00:00,0.0
netherlands,battery,2019-01-18 11:00:00,0.0
netherlands,battery,2019-01-18 12:00:00,0.0
netherlands,battery,2019-01-18 13:00:00,0.0
netherlands,battery,2019-01-18 14:00:00,0.0
netherlands,battery,2019-01-18 15:00:00,0.0
netherlands,battery,2019-01-18 16:00:00,0.0
netherlands,battery,2019-01-18 17:00:00,0.0
netherlands,battery,2019-01-18 18:00:00,0.0
netherlands,battery,2019-01-18 19:00:00,0.0
netherlands,battery,2019-01-18 20:00:00,0.0
netherlands,battery,2019-01-18 21:00:00,0.0
netherlands,battery,2019-01-18 22:00:00,0.0
netherlands,battery,2019-01-18 23:00:00,0.0
netherlands,battery,2019-01-19 00:00:00,0.0
netherlands,battery,2019-01-19 01:00:00,0.0
netherlands,battery,2019-01-19 02:00:00,0.0
netherlands,battery,2019-01-19 03:00:00,0.0
netherlands,battery,2019-01-19 04:00:00,0.0
netherlands,battery,2019-01-19 05:00:00,0.0
netherlands,battery,2019-01-19 06:00:00,0.0
netherlands,battery,2019-01-19 07:00:00,0.0
netherlands,battery,2019-01-19 08:00:00,0.0
netherlands,battery,2019-01-19 09:00:00,0.0
netherlands,battery,2019-01-19 10:00:00,0.0
netherlands,battery,2019-01-19 11:00:00,0.0
netherlands,battery,2019-01-19 12:00:00,0.0
netherlands,battery,2019-01-19 13:00:00,0.0
netherlands,battery,2019-01-19 14:00:00,0.0
netherlands,battery,2019-01-19 15:00:00,0.0
netherlands,battery,2019-01-19 16:00:00,0.0
netherlands,battery,2019-01-19 17:00:00,0.0
netherlands,battery,2019-01-19 18:00:00,0.0
netherlands,battery,2019-01-19 19:00:00,0.0
netherlands,battery,2019-01-19 20:00:00,0.0
netherlands,battery,2019-01-19 21:00:00,0.0
netherlands,battery,2019-01-19 22:00:00,0.0
netherlands,battery,2019-01-19 23:00:00,0.0
netherlands,battery,2019-01-20 00:00:00,0.0
netherlands,battery,2019-01-20 01:00:00,0.0
netherlands,battery,2019-01-20 02:00:00,0.0
netherlands,battery,2019-01-20 03:00:00,0.0
netherlands,battery,2019-01-20 04:00:00,0.0
netherlands,battery,2019-01-20 05:00:00,0.0
netherlands,battery,2019-01-20 06:00:00,0.0
netherlands,battery,2019-01-20 07:00:00,0.0
netherlands,battery,2019-01-20 08:00:00,0.0
netherlands,battery,2019-01-20 09:00:00,0.0
netherlands,battery,2019-01-20 10:00:00,0.0
netherlands,battery,2019-01-20 11:00:00,0.0
netherlands,battery,2019-01-20 12:00:00,0.0
netherlands,battery,2019-01-20 13:00:00,0.0
netherlands,battery,2019-01-20 14:00:00,0.0
netherlands,battery,2019-01-20 15:00:00,0.0
netherlands,battery,2019-01-20 16:00:00,0.0
netherlands,battery,2019-01-20 17:00:00,0.0
netherlands,battery,2019-01-20 18:00:00,0.0
netherlands,battery,2019-01-20 19:00:00,0.0
netherlands,battery,2019-01-20 20:00:00,0.0
netherlands,battery,2019-01-20 21:00:00,0.0
netherlands,battery,2019-01-20 22:00:00,0.0
netherlands,battery,2019-01-20 23:00:00,0.0
netherlands,battery,2019-01-21 00:00:00,0.0
netherlands,battery,2019-01-21 01:00:00,0.0
netherlands,battery,2019-01-21 02:00:00,0.0
netherlands,battery,2019-01-21 03:00:00,0.0
netherlands,battery,2019-01-21 04:00:00,0.0
netherlands,battery,2019-01-21 05:00:00,0.0
netherlands,battery,2019-01-21 06:00:00,0.0
netherlands,battery,2019-01-21 07:00:00,0.0
netherlands,battery,2019-01-21 08:00:00,0.0
netherlands,battery,2019-01-21 09:00:00,0.0
netherlands,battery,2019-01-21 10:00:00,0.0
netherlands,battery,2019-01-21 11:00:00,0.0
netherlands,battery,2019-01-21 12:00:00,0.0
netherlands,battery,2019-01-21 13:00:00,0.0
netherlands,battery,2019-01-21 14:00:00,0.0
netherlands,battery,2019-01-21 15:00:00,0.0
netherlands,battery,2019-01-21 16:00:00,0.0
netherlands,battery,2019-01-21 17:00:00,0.0
netherlands,battery,2019-01-21 18:00:00,0.0
netherlands,battery,2019-01-21 19:00:00,0.0
netherlands,battery,2019-01-21 20:00:00,0.0
netherlands,battery,2019-01-21 21:00:00,0.0
netherlands,battery,2019-01-21 22:00:00,0.0
netherlands,battery,2019-01-21 23:00:00,0.0
netherlands,battery,2019-01-22 00:00:00,0.0
netherlands,battery,2019-01-22 01:00:00,0.0
netherlands,battery,2019-01-22 02:00:00,0.0
netherlands,battery,2019-01-22 03:00:00,0.0
netherlands,battery,2019-01-22 04:00:00,0.0
netherlands,battery,2019-01-22 05:00:00,0.0
netherlands,battery,2019-01-22 06:00:00,0.0
netherlands,battery,2019-01-22 07:00:00,0.0
netherlands,battery,2019-01-22 08:00:00,0.0
netherlands,battery,2019-01-22 09:00:00,0.0
netherlands,battery,2019-01-22 10:00:00,0.0
netherlands,battery,2019-01-22 11:00:00,0.0
netherlands,battery,2019-01-22 12:00:00,0.0
netherlands,battery,2019-01-22 13:00:00,0.0
netherlands,battery,2019-01-22 14:00:00,0.0
netherlands,battery,2019-01-22 15:00:00,0.0
netherlands,battery,2019-01-22 16:00:00,0.0
netherlands,battery,2019-01-22 17:00:00,0.0
netherlands,battery,2019-01-22 18:00:00,0.0
netherlands,battery,2019-01-22 19:00:00,0.0
netherlands,battery,2019-01-22 20:00:00,0.0
netherlands,battery,2019-01-22 21:00:00,0.0
netherlands,battery,2019-01-22 22:00:00,0.0
netherlands,battery,2019-01-22 23:00:00,0.0
netherlands,battery,2019-01-23 00:00:00,0.0
netherlands,battery,2019-01-23 01:00:00,0.0
netherlands,battery,2019-01-23 02:00:00,0.0
netherlands,battery,2019-01-23 03:00:00,0.0
netherlands,battery,2019-01-23 04:00:00,0.0
netherlands,battery,2019-01-23 05:00:00,0.0
netherlands,battery,2019-01-23 06:00:00,0.0
netherlands,battery,2019-01-23 07:00:00,0.0
netherlands,battery,2019-01-23 08:00:00,0.0
netherlands,battery,2019-01-23 09:00:00,0.0
netherlands,battery,2019-01-23 10:00:00,0.0
netherlands,battery,2019-01-23 11:00:00,0.0
netherlands,battery,2019-01-23 12:00:00,0.0
netherlands,battery,2019-01-23 13:00:00,0.0
netherlands,battery,2019-01-23 14:00:00,0.0
netherlands,battery,2019-01-23 15:00:00,0.0
netherlands,battery,2019-01-23 16:00:00,0.0
netherlands,battery,2019-01-23 17:00:00,0.0
netherlands,battery,2019-01-23 18:00:00,0.0
netherlands,battery,2019-01-23 19:00:00,0.0
netherlands,battery,2019-01-23 20:00:00,0.0
netherlands,battery,2019-01-23 21:00:00,0.0
netherlands,battery,2019-01-23 22:00:00,0.0
netherlands,battery,2019-01-23 23:00:00,0.0
netherlands,battery,2019-01-24 00:00:00,0.0
netherlands,battery,2019-01-24 01:00:00,0.0
netherlands,battery,2019-01-24 02:00:00,0.0
netherlands,battery,2019-01-24 03:00:00,0.0
netherlands,battery,2019-01-24 04:00:00,0.0
netherlands,battery,2019-01-24 05:00:00,0.0
netherlands,battery,2019-01-24 06:00:00,0.0
netherlands,battery,2019-01-24 07:00:00,0.0
netherlands,battery,2019-01-24 08:00:00,0.0
netherlands,battery,2019-01-24 09:00:00,0.0
netherlands,battery,2019-01-24 10:00:00,0.0
netherlands,battery,2019-01-24 11:00:00,0.0
netherlands,battery,2019-01-24 12:00:00,0.0
netherlands,battery,2019-01-24 13:00:00,0.0
netherlands,battery,2019-01-24 14:00:00,0.0
netherlands,battery,2019-01-24 15:00:00,0.0
netherlands,battery,2019-01-24 16:00:00,0.0
netherlands,battery,2019-01-24 17:00:00,0.0
netherlands,battery,2019-01-24 18:00:00,0.0
netherlands,battery,2019-01-24 19:00:00,0.0
netherlands,battery,2019-01-24 20:00:00,0.0
netherlands,battery,2019-01-24 21:00:00,0.0
netherlands,battery,2019-01-24 22:00:00,0.0
netherlands,battery,2019-01-24 23:00:00,0.0
netherlands,battery,2019-01-25 00:00:00,0.0
netherlands,battery,2019-01-25 01:00:00,0.0
netherlands,battery,2019-01-25 02:00:00,0.0
netherlands,battery,2019-01-25 03:00:00,0.0
netherlands,battery,2019-01-25 04:00:00,0.0
netherlands,battery,2019-01-25 05:00:00,0.0
netherlands,battery,2019-01-25 06:00:00,0.0
netherlands,battery,2019-01-25 07:00:00,0.0
netherlands,battery,2019-01-25 08:00:00,0.0
netherlands,battery,2019-01-25 09:00:00,0.0
netherlands,battery,2019-01-25 10:00:00,0.0
netherlands,battery,2019-01-25 11:00:00,0.0
netherlands,battery,2019-01-25 12:00:00,0.0
netherlands,battery,2019-01-25 13:00:00,0.0
netherlands,battery,2019-01-25 14:00:00,0.0
netherlands,battery,2019-01-25 15:00:00,0.0
netherlands,battery,2019-01-25 16:00:00,0.0
netherlands,battery,2019-01-25 17:00:00,0.0
netherlands,battery,2019-01-25 18:00:00,0.0
netherlands,battery,2019-01-25 19:00:00,0.0
netherlands,battery,2019-01-25 20:00:00,0.0
netherlands,battery,2019-01-25 21:00:00,0.0
netherlands,battery,2019-01-25 22:00:00,0.0
netherlands,battery,2019-01-25 23:00:00,0.0
netherlands,battery,2019-01-26 00:00:00,0.0
netherlands,battery,2019-01-26 01:00:00,0.0
netherlands,battery,2019-01-26 02:00:00,0.0
netherlands,battery,2019-01-26 03:00:00,0.0
netherlands,battery,2019-01-26 04:00:00,0.0
netherlands,battery,2019-01-26 05:00:00,0.0
netherlands,battery,2019-01-26 06:00:00,0.0
netherlands,battery,2019-01-26 07:00:00,0.0
netherlands,battery,2019-01-26 08:00:00,0.0
netherlands,battery,2019-01-26 09:00:00,0.0
netherlands,battery,2019-01-26 10:00:00,0.0
netherlands,battery,2019-01-26 11:00:00,0.0
netherlands,battery,2019-01-26 12:00:00,0.0
netherlands,battery,2019-01-26 13:00:00,0.0
netherlands,battery,2019-01-26 14:00:00,0.0
netherlands,battery,2019-01-26 15:00:00,0.0
netherlands,battery,2019-01-26 16:00:00,0.0
netherlands,battery,2019-01-26 17:00:00,0.0
netherlands,battery,2019-01-26 18:00:00,0.0
netherlands,battery,2019-01-26 19:00:00,0.0
netherlands,battery,2019-01-26 20:00:00,0.0
netherlands,battery,2019-01-26 21:00:00,0.0
netherlands,battery,2019-01-26 22:00:00,0.0
netherlands,battery,2019-01-26 23:00:00,0.0
netherlands,battery,2019-01-27 00:00:00,0.0
netherlands,battery,2019-01-27 01:00:00,0.0
netherlands,battery,2019-01-27 02:00:00,0.0
netherlands,battery,2019-01-27 03:00:00,0.0
netherlands,battery,2019-01-27 04:00:00,0.0
netherlands,battery,2019-01-27 05:00:00,0.0
netherlands,battery,2019-01-27 06:00:00,0.0
netherlands,battery,2019-01-27 07:00:00,0.0
netherlands,battery,2019-01-27 08:00:00,0.0
netherlands,battery,2019-01-27 09:00:00,0.0
netherlands,battery,2019-01-27 10:00:00,0.0
netherlands,battery,2019-01-27 11:00:00,0.0
netherlands,battery,2019-01-27 12:00:00,0.0
netherlands,battery,2019-01-27 13:00:00,0.0
netherlands,battery,2019-01-27 14:00:00,0.0
netherlands,battery,2019-01-27 15:00:00,0.0
netherlands,battery,2019-01-27 16:00:00,0.0
netherlands,battery,2019-01-27 17:00:00,0.0
netherlands,battery,2019-01-27 18:00:00,0.0
netherlands,battery,2019-01-27 19:00:00,0.0
netherlands,battery,2019-01-27 20:00:00,0.0
netherlands,battery,2019-01-27 21:00:00,0.0
netherlands,battery,2019-01-27 22:00:00,0.0
netherlands,battery,2019-01-27 23:00:00,0.0
netherlands,battery,2019-01-28 00:00:00,0.0
netherlands,battery,2019-01-28 01:00:00,0.0
netherlands,battery,2019-01-28 02:00:00,0.0
netherlands,battery,2019-01-28 03:00:00,0.0
netherlands,battery,2019-01-28 04:00:00,0.0
netherlands,battery,2019-01-28 05:00:00,0.0
netherlands,battery,2019-01-28 06:00:00,0.0
netherlands,battery,2019-01-28 07:00:00,0.0
netherlands,battery,2019-01-28 08:00:00,0.0
netherlands,battery,2019-01-28 09:00:00,0.0
netherlands,battery,2019-01-28 10:00:00,0.0
netherlands,battery,2019-01-28 11:00:00,0.0
netherlands,battery,2019-01-28 12:00:00,0.0
netherlands,battery,2019-01-28 13:00:00,0.0
netherlands,battery,2019-01-28 14:00:00,0.0
netherlands,battery,2019-01-28 15:00:00,0.0
netherlands,battery,2019-01-28 16:00:00,0.0
netherlands,battery,2019-01-28 17:00:00,0.0
netherlands,battery,2019-01-28 18:00:00,0.0
netherlands,battery,2019-01-28 19:00:00,0.0
netherlands,battery,2019-01-28 20:00:00,0.0
netherlands,battery,2019-01-28 21:00:00,0.0
netherlands,battery,2019-01-28 22:00:00,0.0
netherlands,battery,2019-01-28 23:00:00,0.0
netherlands,battery,2019-01-29 00:00:00,0.0
netherlands,battery,2019-01-29 01:00:00,0.0
netherlands,battery,2019-01-29 02:00:00,0.0
netherlands,battery,2019-01-29 03:00:00,0.0
netherlands,battery,2019-01-29 04:00:00,0.0
netherlands,battery,2019-01-29 05:00:00,0.0
netherlands,battery,2019-01-29 06:00:00,0.0
netherlands,battery,2019-01-29 07:00:00,0.0
netherlands,battery,2019-01-29 08:00:00,0.0
netherlands,battery,2019-01-29 09:00:00,0.0
netherlands,battery,2019-01-29 10:00:00,0.0
netherlands,battery,2019-01-29 11:00:00,0.0
netherlands,battery,2019-01-29 12:00:00,0.0
netherlands,battery,2019-01-29 13:00:00,0.0
netherlands,battery,2019-01-29 14:00:00,0.0
netherlands,battery,2019-01-29 15:00:00,0.0
netherlands,battery,2019-01-29 16:00:00,0.0
netherlands,battery,2019-01-29 17:00:00,0.0
netherlands,battery,2019-01-29 18:00:00,0.0
netherlands,battery,2019-01-29 19:00:00,0.0
netherlands,battery,2019-01-29 20:00:00,0.0
netherlands,battery,2019-01-29 21:00:00,0.0
netherlands,battery,2019-01-29 22:00:00,0.0
netherlands,battery,2019-01-29 23:00:00,0.0
netherlands,battery,2019-01-30 00:00:00,0.0
netherlands,battery,2019-01-30 01:00:00,0.0
netherlands,battery,2019-01-30 02:00:00,0.0
netherlands,battery,2019-01-30 03:00:00,0.0
netherlands,battery,2019-01-30 04:00:00,0.0
netherlands,battery,2019-01-30 05:00:00,0.0
netherlands,battery,2019-01-30 06:00:00,0.0
netherlands,battery,2019-01-30 07:00:00,0.0
netherlands,battery,2019-01-30 08:00:00,0.0
netherlands,battery,2019-01-30 09:00:00,0.0
netherlands,battery,2019-01-30 10:00:00,0.0
netherlands,battery,2019-01-30 11:00:00,0.0
netherlands,battery,2019-01-30 12:00:00,0.0
netherlands,battery,2019-01-30 13:00:00,0.0
netherlands,battery,2019-01-30 14:00:00,0.0
netherlands,battery,2019-01-30 15:00:00,0.0
netherlands,battery,2019-01-30 16:00:00,0.0
netherlands,battery,2019-01-30 17:00:00,0.0
netherlands,battery,2019-01-30 18:00:00,0.0
netherlands,battery,2019-01-30 19:00:00,0.0
netherlands,battery,2019-01-30 20:00:00,0.0
netherlands,battery,2019-01-30 21:00:00,0.0
netherlands,battery,2019-01-30 22:00:00,0.0
netherlands,battery,2019-01-30 23:00:00,0.0
netherlands,battery,2019-01-31 00:00:00,0.0
netherlands,battery,2019-01-31 01:00:00,0.0
netherlands,battery,2019-01-31 02:00:00,0.0
netherlands,battery,2019-01-31 03:00:00,0.0
netherlands,battery,2019-01-31 04:00:00,0.0
netherlands,battery,2019-01-31 05:00:00,0.0
netherlands,battery,2019-01-31 06:00:00,0.0
netherlands,battery,2019-01-31 07:00:00,0.0
netherlands,battery,2019-01-31 08:00:00,0.0
netherlands,battery,2019-01-31 09:00:00,0.0
netherlands,battery,2019-01-31 10:00:00,0.0
netherlands,battery,2019-01-31 11:00:00,0.0
netherlands,battery,2019-01-31 12:00:00,0.0
netherlands,battery,2019-01-31 13:00:00,0.0
netherlands,battery,2019-01-31 14:00:00,0.0
netherlands,battery,2019-01-31 15:00:00,0.0
netherlands,battery,2019-01-31 16:00:00,0.0
netherlands,battery,2019-01-31 17:00:00,0.0
netherlands,battery,2019-01-31 18:00:00,0.0
netherlands,battery,2019-01-31 19:00:00,0.0
netherlands,battery,2019-01-31 20:00:00,0.0
netherlands,battery,2019-01-31 21:00:00,0.0
netherlands,battery,2019-01-31 22:00:00,0.0
netherlands,battery,2019-01-31 23:00:00,0.0
netherlands,hydrogen_storage_system,2019-01-01 00:00:00,173180204.3669231
netherlands,hydrogen_storage_system,2019-01-01 01:00:00,183421282.6983814
netherlands,hydrogen_storage_system,2019-01-01 02:00:00,193662361.0298397
netherlands,hydrogen_storage_system,2019-01-01 03:00:00,203903439.361298
netherlands,hydrogen_storage_system,2019-01-01 04:00:00,214144517.6927563
netherlands,hydrogen_storage_system,2019-01-01 05:00:00,224385596.0242146
netherlands,hydrogen_storage_system,2019-01-01 06:00:00,234626674.3556729
netherlands,hydrogen_storage_system,2019-01-01 07:00:00,244867752.6871312
netherlands,hydrogen_storage_system,2019-01-01 08:00:00,255108831.0185895
netherlands,hydrogen_storage_system,2019-01-01 09:00:00,265335807.37488908
netherlands,hydrogen_storage_system,2019-01-01 10:00:00,275278493.3997087
netherlands,hydrogen_storage_system,2019-01-01 11:00:00,285519571.73116696
netherlands,hydrogen_storage_system,2019-01-01 12:00:00,295760650.0626252
netherlands,hydrogen_storage_system,2019-01-01 13:00:00,306001728.3940835
netherlands,hydrogen_storage_system,2019-01-01 14:00:00,316242806.7255418
netherlands,hydrogen_storage_system,2019-01-01 15:00:00,326483885.05700004
netherlands,hydrogen_storage_system,2019-01-01 16:00:00,336724963.3884583
netherlands,hydrogen_storage_system,2019-01-01 17:00:00,346966041.7199166
netherlands,hydrogen_storage_system,2019-01-01 18:00:00,357207120.05137485
netherlands,hydrogen_storage_system,2019-01-01 19:00:00,367448198.3828331
netherlands,hydrogen_storage_system,2019-01-01 20:00:00,377689276.7142914
netherlands,hydrogen_storage_system,2019-01-01 21:00:00,387930355.04574966
netherlands,hydrogen_storage_system,2019-01-01 22:00:00,398171433.37720793
netherlands,hydrogen_storage_system,2019-01-01 23:00:00,408412511.7086662
netherlands,hydrogen_storage_system,2019-01-02 00:00:00,418653590.0401245
netherlands,hydrogen_storage_system,2019-01-02 01:00:00,428894668.3715828
netherlands,hydrogen_storage_system,2019-01-02 02:00:00,439135746.7030411
netherlands,hydrogen_storage_system,2019-01-02 03:00:00,449376825.03449965
netherlands,hydrogen_storage_system,2019-01-02 04:00:00,459617903.3659579
netherlands,hydrogen_storage_system,2019-01-02 05:00:00,469858981.6974162
netherlands,hydrogen_storage_system,2019-01-02 06:00:00,480100060.02887446
netherlands,hydrogen_storage_system,2019-01-02 07:00:00,490341138.3603327
netherlands,hydrogen_storage_system,2019-01-02 08:00:00,500163316.45758504
netherlands,hydrogen_storage_system,2019-01-02 09:00:00,509115025.8194923
netherlands,hydrogen_storage_system,2019-01-02 10:00:00,516257504.7551411
netherlands,hydrogen_storage_system,2019-01-02 11:00:00,522829458.27104187
netherlands,hydrogen_storage_system,2019-01-02 12:00:00,528362562.640466
netherlands,hydrogen_storage_system,2019-01-02 13:00:00,532205051.639951
netherlands,hydrogen_storage_system,2019-01-02 14:00:00,534713683.78396523
netherlands,hydrogen_storage_system,2019-01-02 15:00:00,536270057.33685005
netherlands,hydrogen_storage_system,2019-01-02 16:00:00,536545501.9795427
netherlands,hydrogen_storage_system,2019-01-02 17:00:00,535269538.90095556
netherlands,hydrogen_storage_system,2019-01-02 18:00:00,531978154.8094092
netherlands,hydrogen_storage_system,2019-01-02 19:00:00,528206770.80250955
netherlands,hydrogen_storage_system,2019-01-02 20:00:00,525409158.9096279
netherlands,hydrogen_storage_system,2019-01-02 21:00:00,524335705.07382935
netherlands,hydrogen_storage_system,2019-01-02 22:00:00,524658030.98664176
netherlands,hydrogen_storage_system,2019-01-02 23:00:00,525462558.0741666
netherlands,hydrogen_storage_system,2019-01-03 00:00:00,526423191.7252126
netherlands,hydrogen_storage_system,2019-01-03 01:00:00,527458250.47595626
netherlands,hydrogen_storage_system,2019-01-03 02:00:00,528613174.8225861
netherlands,hydrogen_storage_system,2019-01-03 03:00:00,530115478.444533
netherlands,hydrogen_storage_system,2019-01-03 04:00:00,531814370.83768296
netherlands,hydrogen_storage_system,2019-01-03 05:00:00,532870150.1478928
netherlands,hydrogen_storage_system,2019-01-03 06:00:00,532770106.13670754
netherlands,hydrogen_storage_system,2019-01-03 07:00:00,530337083.81693506
netherlands,hydrogen_storage_system,2019-01-03 08:00:00,526783746.63550365
netherlands,hydrogen_storage_system,2019-01-03 09:00:00,520794645.55533564
netherlands,hydrogen_storage_system,2019-01-03 10:00:00,512865346.5144879
netherlands,hydrogen_storage_system,2019-01-03 11:00:00,506475007.92007923
netherlands,hydrogen_storage_system,2019-01-03 12:00:00,499667667.334165
netherlands,hydrogen_storage_system,2019-01-03 13:00:00,490249252.3870039
netherlands,hydrogen_storage_system,2019-01-03 14:00:00,479953667.152827
netherlands,hydrogen_storage_system,2019-01-03 15:00:00,470838616.73403734
netherlands,hydrogen_storage_system,2019-01-03 16:00:00,461488388.3580617
netherlands,hydrogen_storage_system,2019-01-03 17:00:00,453338013.39169586
netherlands,hydrogen_storage_system,2019-01-03 18:00:00,443669484.1047545
netherlands,hydrogen_storage_system,2019-01-03 19:00:00,431758960.8209672
netherlands,hydrogen_storage_system,2019-01-03 20:00:00,420865487.0981358
netherlands,hydrogen_storage_system,2019-01-03 21:00:00,413645045.65197814
netherlands,hydrogen_storage_system,2019-01-03 22:00:00,408212623.0926168
netherlands,hydrogen_storage_system,2019-01-03 23:00:00,402700649.5500559
netherlands,hydrogen_storage_system,2019-01-04 00:00:00,397068370.539637
netherlands,hydrogen_storage_system,2019-01-04 01:00:00,392388003.6957626
netherlands,hydrogen_storage_system,2019-01-04 02:00:00,389487892.5382303
netherlands,hydrogen_storage_system,2019-01-04 03:00:00,388825616.6392496
netherlands,hydrogen_storage_system,2019-01-04 04:00:00,389671090.07674503
netherlands,hydrogen_storage_system,2019-01-04 05:00:00,391509353.8075829
netherlands,hydrogen_storage_system,2019-01-04 06:00:00,393597185.49026376
netherlands,hydrogen_storage_system,2019-01-04 07:00:00,395386158.0656237
netherlands,hydrogen_storage_system,2019-01-04 08:00:00,397452448.7333763
netherlands,hydrogen_storage_system,2019-01-04 09:00:00,399650201.254808
netherlands,hydrogen_storage_system,2019-01-04 10:00:00,402094094.30981934
netherlands,hydrogen_storage_system,2019-01-04 11:00:00,404842622.8443371
netherlands,hydrogen_storage_system,2019-01-04 12:00:00,407666141.10882837
netherlands,hydrogen_storage_system,2019-01-04 13:00:00,410379842.6860499
netherlands,hydrogen_storage_system,2019-01-04 14:00:00,412911669.2904916
netherlands,hydrogen_storage_system,2019-01-04 15:00:00,414936359.38182
netherlands,hydrogen_storage_system,2019-01-04 16:00:00,416487166.2684302
netherlands,hydrogen_storage_system,2019-01-04 17:00:00,418317748.97972333
netherlands,hydrogen_storage_system,2019-01-04 18:00:00,420366119.19452584
netherlands,hydrogen_storage_system,2019-01-04 19:00:00,422722582.5022508
netherlands,hydrogen_storage_system,2019-01-04 20:00:00,425468910.5243742
netherlands,hydrogen_storage_system,2019-01-04 21:00:00,429258938.88829935
netherlands,hydrogen_storage_system,2019-01-04 22:00:00,434441291.6502264
netherlands,hydrogen_storage_system,2019-01-04 23:00:00,441367036.94076586
netherlands,hydrogen_storage_system,2019-01-05 00:00:00,449849082.68520516
netherlands,hydrogen_storage_system,2019-01-05 01:00:00,459819994.1688436
netherlands,hydrogen_storage_system,2019-01-05 02:00:00,470061072.5003019
netherlands,hydrogen_storage_system,2019-01-05 03:00:00,480302150.83176017
netherlands,hydrogen_storage_system,2019-01-05 04:00:00,490543229.16321844
netherlands,hydrogen_storage_system,2019-01-05 05:00:00,500784307.49467677
netherlands,hydrogen_storage_system,2019-01-05 06:00:00,511025385.8261351
netherlands,hydrogen_storage_system,2019-01-05 07:00:00,521266464.15759337
netherlands,hydrogen_storage_system,2019-01-05 08:00:00,531507542.48905164
netherlands,hydrogen_storage_system,2019-01-05 09:00:00,541748620.8205099
netherlands,hydrogen_storage_system,2019-01-05 10:00:00,551989699.1519682
netherlands,hydrogen_storage_system,2019-01-05 11:00:00,561581285.0783043
netherlands,hydrogen_storage_system,2019-01-05 12:00:00,570263685.5546867
netherlands,hydrogen_storage_system,2019-01-05 13:00:00,578245944.9939696
netherlands,hydrogen_storage_system,2019-01-05 14:00:00,585653037.4694133
netherlands,hydrogen_storage_system,2019-01-05 15:00:00,592351293.8603138
netherlands,hydrogen_storage_system,2019-01-05 16:00:00,598321694.0079602
netherlands,hydrogen_storage_system,2019-01-05 17:00:00,604242187.2932357
netherlands,hydrogen_storage_system,2019-01-05 18:00:00,609919882.787889
netherlands,hydrogen_storage_system,2019-01-05 19:00:00,615792166.9631232
netherlands,hydrogen_storage_system,2019-01-05 20:00:00,622211647.8557196
netherlands,hydrogen_storage_system,2019-01-05 21:00:00,628903144.8477114
netherlands,hydrogen_storage_system,2019-01-05 22:00:00,635652885.1964492
netherlands,hydrogen_storage_system,2019-01-05 23:00:00,642284285.9654537
netherlands,hydrogen_storage_system,2019-01-06 00:00:00,648161241.7555732
netherlands,hydrogen_storage_system,2019-01-06 01:00:00,653343173.42446
netherlands,hydrogen_storage_system,2019-01-06 02:00:00,657584726.3397493
netherlands,hydrogen_storage_system,2019-01-06 03:00:00,660783797.5482045
netherlands,hydrogen_storage_system,2019-01-06 04:00:00,663211362.786909
netherlands,hydrogen_storage_system,2019-01-06 05:00:00,664749577.934689
netherlands,hydrogen_storage_system,2019-01-06 06:00:00,665096805.8741826
netherlands,hydrogen_storage_system,2019-01-06 07:00:00,663351527.6190333
netherlands,hydrogen_storage_system,2019-01-06 08:00:00,659191929.2418476
netherlands,hydrogen_storage_system,2019-01-06 09:00:00,651871831.3048209
netherlands,hydrogen_storage_system,2019-01-06 10:00:00,641471602.6142191
netherlands,hydrogen_storage_system,2019-01-06 11:00:00,629432890.9338979
netherlands,hydrogen_storage_system,2019-01-06 12:00:00,616825414.6265665
netherlands,hydrogen_storage_system,2019-01-06 13:00:00,603422457.9306725
netherlands,hydrogen_storage_system,2019-01-06 14:00:00,590032015.640767
netherlands,hydrogen_storage_system,2019-01-06 15:00:00,576420857.9344733
netherlands,hydrogen_storage_system,2019-01-06 16:00:00,561443285.1117142
netherlands,hydrogen_storage_system,2019-01-06 17:00:00,547917897.7825973
netherlands,hydrogen_storage_system,2019-01-06 18:00:00,535245220.85130996
netherlands,hydrogen_storage_system,2019-01-06 19:00:00,522028695.77130824
netherlands,hydrogen_storage_system,2019-01-06 20:00:00,508660696.0130148
netherlands,hydrogen_storage_system,2019-01-06 21:00:00,495675763.8975526
netherlands,hydrogen_storage_system,2019-01-06 22:00:00,483046361.76567674
netherlands,hydrogen_storage_system,2019-01-06 23:00:00,471789891.5189224
netherlands,hydrogen_storage_system,2019-01-07 00:00:00,463382743.27878946
netherlands,hydrogen_storage_system,2019-01-07 01:00:00,457372645.2734957
netherlands,hydrogen_storage_system,2019-01-07 02:00:00,452878500.44267946
netherlands,hydrogen_storage_system,2019-01-07 03:00:00,449903337.1783902
netherlands,hydrogen_storage_system,2019-01-07 04:00:00,448516818.0893091
netherlands,hydrogen_storage_system,2019-01-07 05:00:00,447622389.5813205
netherlands,hydrogen_storage_system,2019-01-07 06:00:00,445075928.6468965
netherlands,hydrogen_storage_system,2019-01-07 07:00:00,441330984.76764035
netherlands,hydrogen_storage_system,2019-01-07 08:00:00,438239649.60802895
netherlands,hydrogen_storage_system,2019-01-07 09:00:00,436542964.5107457
netherlands,hydrogen_storage_system,2019-01-07 10:00:00,437899942.5664754
netherlands,hydrogen_storage_system,2019-01-07 11:00:00,441640602.4901842
netherlands,hydrogen_storage_system,2019-01-07 12:00:00,447432280.4616811
netherlands,hydrogen_storage_system,2019-01-07 13:00:00,455473219.9334307
netherlands,hydrogen_storage_system,2019-01-07 14:00:00,465337083.6899765
netherlands,hydrogen_storage_system,2019-01-07 15:00:00,475578162.0214348
netherlands,hydrogen_storage_system,2019-01-07 16:00:00,485819240.35289305
netherlands,hydrogen_storage_system,2019-01-07 17:00:00,496060318.6843514
netherlands,hydrogen_storage_system,2019-01-07 18:00:00,506301397.0158097
netherlands,hydrogen_storage_system,2019-01-07 19:00:00,516542475.347268
netherlands,hydrogen_storage_system,2019-01-07 20:00:00,526783553.67872626
netherlands,hydrogen_storage_system,2019-01-07 21:00:00,537024632.0101845
netherlands,hydrogen_storage_system,2019-01-07 22:00:00,547265710.3416418
netherlands,hydrogen_storage_system,2019-01-07 23:00:00,557506788.6731001
netherlands,hydrogen_storage_system,2019-01-08 00:00:00,567747867.0045584
netherlands,hydrogen_storage_system,2019-01-08 01:00:00,577988945.3360168
netherlands,hydrogen_storage_system,2019-01-08 02:00:00,588230023.6674751
netherlands,hydrogen_storage_system,2019-01-08 03:00:00,598471101.9989334
netherlands,hydrogen_storage_system,2019-01-08 04:00:00,608712180.3303918
netherlands,hydrogen_storage_system,2019-01-08 05:00:00,618953258.6618501
netherlands,hydrogen_storage_system,2019-01-08 06:00:00,629194336.9933084
netherlands,hydrogen_storage_system,2019-01-08 07:00:00,639435415.3247668
netherlands,hydrogen_storage_system,2019-01-08 08:00:00,649676493.6562251
netherlands,hydrogen_storage_system,2019-01-08 09:00:00,659917571.9876834
netherlands,hydrogen_storage_system,2019-01-08 10:00:00,670158650.3191417
netherlands,hydrogen_storage_system,2019-01-08 11:00:00,680399728.6506001
netherlands,hydrogen_storage_system,2019-01-08 12:00:00,690640806.9820584
netherlands,hydrogen_storage_system,2019-01-08 13:00:00,700881885.3135167
netherlands,hydrogen_storage_system,2019-01-08 14:00:00,711122963.6449751
netherlands,hydrogen_storage_system,2019-01-08 15:00:00,721364041.9764334
netherlands,hydrogen_storage_system,2019-01-08 16:00:00,731605120.3078917
netherlands,hydrogen_storage_system,2019-01-08 17:00:00,741846198.63935
netherlands,hydrogen_storage_system,2019-01-08 18:00:00,752087276.9708084
netherlands,hydrogen_storage_system,2019-01-08 19:00:00,762328355.3022667
netherlands,hydrogen_storage_system,2019-01-08 20:00:00,772569433.633725
netherlands,hydrogen_storage_system,2019-01-08 21:00:00,782810511.9651834
netherlands,hydrogen_storage_system,2019-01-08 22:00:00,793051590.2966417
netherlands,hydrogen_storage_system,2019-01-08 23:00:00,803292668.6281
netherlands,hydrogen_storage_system,2019-01-09 00:00:00,813533746.9595584
netherlands,hydrogen_storage_system,2019-01-09 01:00:00,823774825.2910167
netherlands,hydrogen_storage_system,2019-01-09 02:00:00,834015903.6224748
netherlands,hydrogen_storage_system,2019-01-09 03:00:00,844256981.9539331
netherlands,hydrogen_storage_system,2019-01-09 04:00:00,854498060.2853914
netherlands,hydrogen_storage_system,2019-01-09 05:00:00,864739138.6168498
netherlands,hydrogen_storage_system,2019-01-09 06:00:00,874980216.9483081
netherlands,hydrogen_storage_system,2019-01-09 07:00:00,885221295.2797664
netherlands,hydrogen_storage_system,2019-01-09 08:00:00,895454772.2207856
netherlands,hydrogen_storage_system,2019-01-09 09:00:00,905557147.8147821
netherlands,hydrogen_storage_system,2019-01-09 10:00:00,915323823.2395675
netherlands,hydrogen_storage_system,2019-01-09 11:00:00,925564901.5710258
netherlands,hydrogen_storage_system,2019-01-09 12:00:00,935805979.9024842
netherlands,hydrogen_storage_system,2019-01-09 13:00:00,946047058.2339424
netherlands,hydrogen_storage_system,2019-01-09 14:00:00,956288136.5654007
netherlands,hydrogen_storage_system,2019-01-09 15:00:00,966213669.2513481
netherlands,hydrogen_storage_system,2019-01-09 16:00:00,975140705.2351632
netherlands,hydrogen_storage_system,2019-01-09 17:00:00,984798560.8304719
netherlands,hydrogen_storage_system,2019-01-09 18:00:00,994441557.3654665
netherlands,hydrogen_storage_system,2019-01-09 19:00:00,1003516294.3768694
netherlands,hydrogen_storage_system,2019-01-09 20:00:00,1011412440.5140467
netherlands,hydrogen_storage_system,2019-01-09 21:00:00,1018060110.8599384
netherlands,hydrogen_storage_system,2019-01-09 22:00:00,1022419577.6144857
netherlands,hydrogen_storage_system,2019-01-09 23:00:00,1025315291.611565
netherlands,hydrogen_storage_system,2019-01-10 00:00:00,1027270147.3291546
netherlands,hydrogen_storage_system,2019-01-10 01:00:00,1027972163.3028268
netherlands,hydrogen_storage_system,2019-01-10 02:00:00,1027452668.5746692
netherlands,hydrogen_storage_system,2019-01-10 03:00:00,1024876559.3362535
netherlands,hydrogen_storage_system,2019-01-10 04:00:00,1018725762.5707314
netherlands,hydrogen_storage_system,2019-01-10 05:00:00,1006993640.0922002
netherlands,hydrogen_storage_system,2019-01-10 06:00:00,988853982.7159096
netherlands,hydrogen_storage_system,2019-01-10 07:00:00,966076173.2319707
netherlands,hydrogen_storage_system,2019-01-10 08:00:00,940978517.753161
netherlands,hydrogen_storage_system,2019-01-10 09:00:00,914786425.9677496
netherlands,hydrogen_storage_system,2019-01-10 10:00:00,888256867.3985085
netherlands,hydrogen_storage_system,2019-01-10 11:00:00,862278208.9493185
netherlands,hydrogen_storage_system,2019-01-10 12:00:00,837100117.4850743
netherlands,hydrogen_storage_system,2019-01-10 13:00:00,813087689.2224971
netherlands,hydrogen_storage_system,2019-01-10 14:00:00,790309970.9196829
netherlands,hydrogen_storage_system,2019-01-10 15:00:00,768999938.9937985
netherlands,hydrogen_storage_system,2019-01-10 16:00:00,748072100.4805373
netherlands,hydrogen_storage_system,2019-01-10 17:00:00,729134073.5339121
netherlands,hydrogen_storage_system,2019-01-10 18:00:00,712013190.8141803
netherlands,hydrogen_storage_system,2019-01-10 19:00:00,697750366.3720077
netherlands,hydrogen_storage_system,2019-01-10 20:00:00,687247269.1993022
netherlands,hydrogen_storage_system,2019-01-10 21:00:00,679867006.1823487
netherlands,hydrogen_storage_system,2019-01-10 22:00:00,673534215.2433592
netherlands,hydrogen_storage_system,2019-01-10 23:00:00,669292753.6920314
netherlands,hydrogen_storage_system,2019-01-11 00:00:00,669128943.5390546
netherlands,hydrogen_storage_system,2019-01-11 01:00:00,670315824.2960279
netherlands,hydrogen_storage_system,2019-01-11 02:00:00,673189013.7504575
netherlands,hydrogen_storage_system,2019-01-11 03:00:00,677313473.2199489
netherlands,hydrogen_storage_system,2019-01-11 04:00:00,681312782.6314855
netherlands,hydrogen_storage_system,2019-01-11 05:00:00,684003741.8735735
netherlands,hydrogen_storage_system,2019-01-11 06:00:00,685279217.9306647
netherlands,hydrogen_storage_system,2019-01-11 07:00:00,685838150.5395398
netherlands,hydrogen_storage_system,2019-01-11 08:00:00,688252480.2653655
netherlands,hydrogen_storage_system,2019-01-11 09:00:00,691330837.406739
netherlands,hydrogen_storage_system,2019-01-11 10:00:00,694681065.0100462
netherlands,hydrogen_storage_system,2019-01-11 11:00:00,698578323.1384304
netherlands,hydrogen_storage_system,2019-01-11 12:00:00,703305348.8016303
netherlands,hydrogen_storage_system,2019-01-11 13:00:00,710131429.5487032
netherlands,hydrogen_storage_system,2019-01-11 14:00:00,717759335.5868787
netherlands,hydrogen_storage_system,2019-01-11 15:00:00,725575017.7970725
netherlands,hydrogen_storage_system,2019-01-11 16:00:00,732871514.8110781
netherlands,hydrogen_storage_system,2019-01-11 17:00:00,739929015.2485577
netherlands,hydrogen_storage_system,2019-01-11 18:00:00,746709980.928628
netherlands,hydrogen_storage_system,2019-01-11 19:00:00,753864774.2128121
netherlands,hydrogen_storage_system,2019-01-11 20:00:00,761011304.1425507
netherlands,hydrogen_storage_system,2019-01-11 21:00:00,767947587.5769488
netherlands,hydrogen_storage_system,2019-01-11 22:00:00,774076734.0745069
netherlands,hydrogen_storage_system,2019-01-11 23:00:00,779476959.1867068
netherlands,hydrogen_storage_system,2019-01-12 00:00:00,784708866.9000568
netherlands,hydrogen_storage_system,2019-01-12 01:00:00,790454904.4184275
netherlands,hydrogen_storage_system,2019-01-12 02:00:00,796885821.3677108
netherlands,hydrogen_storage_system,2019-01-12 03:00:00,803815388.8479068
netherlands,hydrogen_storage_system,2019-01-12 04:00:00,812285412.6514511
netherlands,hydrogen_storage_system,2019-01-12 05:00:00,822313917.3148227
netherlands,hydrogen_storage_system,2019-01-12 06:00:00,832554995.646281
netherlands,hydrogen_storage_system,2019-01-12 07:00:00,842796073.9777393
netherlands,hydrogen_storage_system,2019-01-12 08:00:00,853037152.3091977
netherlands,hydrogen_storage_system,2019-01-12 09:00:00,863278230.640656
netherlands,hydrogen_storage_system,2019-01-12 10:00:00,873519308.9721142
netherlands,hydrogen_storage_system,2019-01-12 11:00:00,883760387.3035725
netherlands,hydrogen_storage_system,2019-01-12 12:00:00,894001465.6350309
netherlands,hydrogen_storage_system,2019-01-12 13:00:00,904242543.9664891
netherlands,hydrogen_storage_system,2019-01-12 14:00:00,914483622.2979474
netherlands,hydrogen_storage_system,2019-01-12 15:00:00,924724700.6294056
netherlands,hydrogen_storage_system,2019-01-12 16:00:00,934965778.960864
netherlands,hydrogen_storage_system,2019-01-12 17:00:00,945206857.2923223
netherlands,hydrogen_storage_system,2019-01-12 18:00:00,955447935.6237806
netherlands,hydrogen_storage_system,2019-01-12 19:00:00,965689013.9552389
netherlands,hydrogen_storage_system,2019-01-12 20:00:00,975930092.2866971
netherlands,hydrogen_storage_system,2019-01-12 21:00:00,986171170.6181555
netherlands,hydrogen_storage_system,2019-01-12 22:00:00,994672136.0796546
netherlands,hydrogen_storage_system,2019-01-12 23:00:00,1002177896.1790262
netherlands,hydrogen_storage_system,2019-01-13 00:00:00,1009615735.9098561
netherlands,hydrogen_storage_system,2019-01-13 01:00:00,1017040098.2318538
netherlands,hydrogen_storage_system,2019-01-13 02:00:00,1025915663.0889369
netherlands,hydrogen_storage_system,2019-01-13 03:00:00,1036156741.4203953
netherlands,hydrogen_storage_system,2019-01-13 04:00:00,1046397819.7518536
netherlands,hydrogen_storage_system,2019-01-13 05:00:00,1056638898.0833118
netherlands,hydrogen_storage_system,2019-01-13 06:00:00,1066879976.41477
netherlands,hydrogen_storage_system,2019-01-13 07:00:00,1077121054.7462282
netherlands,hydrogen_storage_system,2019-01-13 08:00:00,1087362133.0776865
netherlands,hydrogen_storage_system,2019-01-13 09:00:00,1097603211.4091449
netherlands,hydrogen_storage_system,2019-01-13 10:00:00,1107844289.7406032
netherlands,hydrogen_storage_system,2019-01-13 11:00:00,1118085368.0720615
netherlands,hydrogen_storage_system,2019-01-13 12:00:00,1128326446.4035199
netherlands,hydrogen_storage_system,2019-01-13 13:00:00,1138567524.7349782
netherlands,hydrogen_storage_system,2019-01-13 14:00:00,1148808603.066436
netherlands,hydrogen_storage_system,2019-01-13 15:00:00,1159049681.3978944
netherlands,hydrogen_storage_system,2019-01-13 16:00:00,1169290759.7293527
netherlands,hydrogen_storage_system,2019-01-13 17:00:00,1179531838.060811
netherlands,hydrogen_storage_system,2019-01-13 18:00:00,1189772916.3922694
netherlands,hydrogen_storage_system,2019-01-13 19:00:00,1200013994.7237277
netherlands,hydrogen_storage_system,2019-01-13 20:00:00,1210255073.055186
netherlands,hydrogen_storage_system,2019-01-13 21:00:00,1220496151.3866444
netherlands,hydrogen_storage_system,2019-01-13 22:00:00,1230737229.7181027
netherlands,hydrogen_storage_system,2019-01-13 23:00:00,1240978308.049561
netherlands,hydrogen_storage_system,2019-01-14 00:00:00,1251219386.3810194
netherlands,hydrogen_storage_system,2019-01-14 01:00:00,1261460464.7124777
netherlands,hydrogen_storage_system,2019-01-14 02:00:00,1271523316.8922458
netherlands,hydrogen_storage_system,2019-01-14 03:00:00,1280124064.353686
netherlands,hydrogen_storage_system,2019-01-14 04:00:00,1287604216.561831
netherlands,hydrogen_storage_system,2019-01-14 05:00:00,1293883674.4461408
netherlands,hydrogen_storage_system,2019-01-14 06:00:00,1299335621.5616655
netherlands,hydrogen_storage_system,2019-01-14 07:00:00,1304545603.5489979
netherlands,hydrogen_storage_system,2019-01-14 08:00:00,1309480176.7909164
netherlands,hydrogen_storage_system,2019-01-14 09:00:00,1314398418.447136
netherlands,hydrogen_storage_system,2019-01-14 10:00:00,1321824141.0022414
netherlands,hydrogen_storage_system,2019-01-14 11:00:00,1332065219.3336997
netherlands,hydrogen_storage_system,2019-01-14 12:00:00,1342306297.665158
netherlands,hydrogen_storage_system,2019-01-14 13:00:00,1352547375.9966164
netherlands,hydrogen_storage_system,2019-01-14 14:00:00,1361749542.43965
netherlands,hydrogen_storage_system,2019-01-14 15:00:00,1368606277.4485004
netherlands,hydrogen_storage_system,2019-01-14 16:00:00,1373415480.9588199
netherlands,hydrogen_storage_system,2019-01-14 17:00:00,1376239664.4378068
netherlands,hydrogen_storage_system,2019-01-14 18:00:00,1376989466.6407547
netherlands,hydrogen_storage_system,2019-01-14 19:00:00,1377081430.4433413
netherlands,hydrogen_storage_system,2019-01-14 20:00:00,1377411476.5815
netherlands,hydrogen_storage_system,2019-01-14 21:00:00,1378427541.2496648
netherlands,hydrogen_storage_system,2019-01-14 22:00:00,1380777961.2493467
netherlands,hydrogen_storage_system,2019-01-14 23:00:00,1384773574.860581
netherlands,hydrogen_storage_system,2019-01-15 00:00:00,1390549782.6539662
netherlands,hydrogen_storage_system,2019-01-15 01:00:00,1397826400.6442034
netherlands,hydrogen_storage_system,2019-01-15 02:00:00,1406040339.776847
netherlands,hydrogen_storage_system,2019-01-15 03:00:00,1415585746.5913393
netherlands,hydrogen_storage_system,2019-01-15 04:00:00,1425483831.0332348
netherlands,hydrogen_storage_system,2019-01-15 05:00:00,1435364934.6966653
netherlands,hydrogen_storage_system,2019-01-15 06:00:00,1444508914.7592478
netherlands,hydrogen_storage_system,2019-01-15 07:00:00,1452255061.2441537
netherlands,hydrogen_storage_system,2019-01-15 08:00:00,1460212235.7969377
netherlands,hydrogen_storage_system,2019-01-15 09:00:00,1468682985.0366728
netherlands,hydrogen_storage_system,2019-01-15 10:00:00,1478458326.2074606
netherlands,hydrogen_storage_system,2019-01-15 11:00:00,1488699404.538919
netherlands,hydrogen_storage_system,2019-01-15 12:00:00,1498940482.8703773
netherlands,hydrogen_storage_system,2019-01-15 13:00:00,1509181561.2018356
netherlands,hydrogen_storage_system,2019-01-15 14:00:00,1519422639.533294
netherlands,hydrogen_storage_system,2019-01-15 15:00:00,1529499268.9959354
netherlands,hydrogen_storage_system,2019-01-15 16:00:00,1538627398.3914876
netherlands,hydrogen_storage_system,2019-01-15 17:00:00,1548023129.9526176
netherlands,hydrogen_storage_system,2019-01-15 18:00:00,1557461016.9619637
netherlands,hydrogen_storage_system,2019-01-15 19:00:00,1566814500.6065795
netherlands,hydrogen_storage_system,2019-01-15 20:00:00,1576229733.69675
netherlands,hydrogen_storage_system,2019-01-15 21:00:00,1586314694.074881
netherlands,hydrogen_storage_system,2019-01-15 22:00:00,1596555772.4063394
netherlands,hydrogen_storage_system,2019-01-15 23:00:00,1606796850.7377977
netherlands,hydrogen_storage_system,2019-01-16 00:00:00,1617037929.069256
netherlands,hydrogen_storage_system,2019-01-16 01:00:00,1627279007.4007144
netherlands,hydrogen_storage_system,2019-01-16 02:00:00,1637520085.7321713
netherlands,hydrogen_storage_system,2019-01-16 03:00:00,1647761164.0636296
netherlands,hydrogen_storage_system,2019-01-16 04:00:00,1658002242.395088
netherlands,hydrogen_storage_system,2019-01-16 05:00:00,1668243320.7265463
netherlands,hydrogen_storage_system,2019-01-16 06:00:00,1678484399.0580046
netherlands,hydrogen_storage_system,2019-01-16 07:00:00,1688725477.389463
netherlands,hydrogen_storage_system,2019-01-16 08:00:00,1698966555.7209213
netherlands,hydrogen_storage_system,2019-01-16 09:00:00,1709207634.0523796
netherlands,hydrogen_storage_system,2019-01-16 10:00:00,1719448712.383838
netherlands,hydrogen_storage_system,2019-01-16 11:00:00,1729689790.7152963
netherlands,hydrogen_storage_system,2019-01-16 12:00:00,1739930869.0467546
netherlands,hydrogen_storage_system,2019-01-16 13:00:00,1750171947.378213
netherlands,hydrogen_storage_system,2019-01-16 14:00:00,1760413025.7096713
netherlands,hydrogen_storage_system,2019-01-16 15:00:00,1770654104.0411296
netherlands,hydrogen_storage_system,2019-01-16 16:00:00,1780895182.372588
netherlands,hydrogen_storage_system,2019-01-16 17:00:00,1791136260.7040462
netherlands,hydrogen_storage_system,2019-01-16 18:00:00,1801377339.0355046
netherlands,hydrogen_storage_system,2019-01-16 19:00:00,1811618417.366963
netherlands,hydrogen_storage_system,2019-01-16 20:00:00,1821430307.6744366
netherlands,hydrogen_storage_system,2019-01-16 21:00:00,1827538478.6637082
netherlands,hydrogen_storage_system,2019-01-16 22:00:00,1831972278.866715
netherlands,hydrogen_storage_system,2019-01-16 23:00:00,1837506924.522169
netherlands,hydrogen_storage_system,2019-01-17 00:00:00,1844245449.037996
netherlands,hydrogen_storage_system,2019-01-17 01:00:00,1852208219.4285944
netherlands,hydrogen_storage_system,2019-01-17 02:00:00,1861811475.59723
netherlands,hydrogen_storage_system,2019-01-17 03:00:00,1872052553.9286883
netherlands,hydrogen_storage_system,2019-01-17 04:00:00,1882293632.2601466
netherlands,hydrogen_storage_system,2019-01-17 05:00:00,1892109782.600044
netherlands,hydrogen_storage_system,2019-01-17 06:00:00,1900268264.6840436
netherlands,hydrogen_storage_system,2019-01-17 07:00:00,1906345656.878269
netherlands,hydrogen_storage_system,2019-01-17 08:00:00,1912023226.0289376
netherlands,hydrogen_storage_system,2019-01-17 09:00:00,1918598119.078472
netherlands,hydrogen_storage_system,2019-01-17 10:00:00,1926962830.5126567
netherlands,hydrogen_storage_system,2019-01-17 11:00:00,1937203908.844115
netherlands,hydrogen_storage_system,2019-01-17 12:00:00,1947444987.1755733
netherlands,hydrogen_storage_system,2019-01-17 13:00:00,1957686065.5070317
netherlands,hydrogen_storage_system,2019-01-17 14:00:00,1967873468.7708547
netherlands,hydrogen_storage_system,2019-01-17 15:00:00,1977713143.4289877
netherlands,hydrogen_storage_system,2019-01-17 16:00:00,1987756263.4890854
netherlands,hydrogen_storage_system,2019-01-17 17:00:00,1997997341.8205438
netherlands,hydrogen_storage_system,2019-01-17 18:00:00,2008238420.152002
netherlands,hydrogen_storage_system,2019-01-17 19:00:00,2018479498.4834604
netherlands,hydrogen_storage_system,2019-01-17 20:00:00,2028720576.8149188
netherlands,hydrogen_storage_system,2019-01-17 21:00:00,2038961655.146377
netherlands,hydrogen_storage_system,2019-01-17 22:00:00,2046440049.5352206
netherlands,hydrogen_storage_system,2019-01-17 23:00:00,2050351058.4908593
netherlands,hydrogen_storage_system,2019-01-18 00:00:00,2050524976.2859485
netherlands,hydrogen_storage_system,2019-01-18 01:00:00,2042411034.101211
netherlands,hydrogen_storage_system,2019-01-18 02:00:00,2028145300.7903345
netherlands,hydrogen_storage_system,2019-01-18 03:00:00,2010672016.9292426
netherlands,hydrogen_storage_system,2019-01-18 04:00:00,1991703042.60539
netherlands,hydrogen_storage_system,2019-01-18 05:00:00,1970755970.5985591
netherlands,hydrogen_storage_system,2019-01-18 06:00:00,1948280971.1601286
netherlands,hydrogen_storage_system,2019-01-18 07:00:00,1926482909.7598796
netherlands,hydrogen_storage_system,2019-01-18 08:00:00,1907956824.0802832
netherlands,hydrogen_storage_system,2019-01-18 09:00:00,1891129323.6100404
netherlands,hydrogen_storage_system,2019-01-18 10:00:00,1875428031.577451
netherlands,hydrogen_storage_system,2019-01-18 11:00:00,1861369133.6247876
netherlands,hydrogen_storage_system,2019-01-18 12:00:00,1848469648.9557016
netherlands,hydrogen_storage_system,2019-01-18 13:00:00,1834466060.529963
netherlands,hydrogen_storage_system,2019-01-18 14:00:00,1819903374.0689986
netherlands,hydrogen_storage_system,2019-01-18 15:00:00,1806706823.6141903
netherlands,hydrogen_storage_system,2019-01-18 16:00:00,1794522669.4457693
netherlands,hydrogen_storage_system,2019-01-18 17:00:00,1784355640.4164171
netherlands,hydrogen_storage_system,2019-01-18 18:00:00,1775409519.2555325
netherlands,hydrogen_storage_system,2019-01-18 19:00:00,1768127915.145748
netherlands,hydrogen_storage_system,2019-01-18 20:00:00,1763109336.9831297
netherlands,hydrogen_storage_system,2019-01-18 21:00:00,1760301354.1884184
netherlands,hydrogen_storage_system,2019-01-18 22:00:00,1758945530.5495217
netherlands,hydrogen_storage_system,2019-01-18 23:00:00,1758597050.5655284
netherlands,hydrogen_storage_system,2019-01-19 00:00:00,1758751748.066847
netherlands,hydrogen_storage_system,2019-01-19 01:00:00,1759214684.9278755
netherlands,hydrogen_storage_system,2019-01-19 02:00:00,1759907400.4530294
netherlands,hydrogen_storage_system,2019-01-19 03:00:00,1760758079.225249
netherlands,hydrogen_storage_system,2019-01-19 04:00:00,1761635105.8148308
netherlands,hydrogen_storage_system,2019-01-19 05:00:00,1762309134.779125
netherlands,hydrogen_storage_system,2019-01-19 06:00:00,1762486599.375482
netherlands,hydrogen_storage_system,2019-01-19 07:00:00,1761197666.1352642
netherlands,hydrogen_storage_system,2019-01-19 08:00:00,1758563824.195012
netherlands,hydrogen_storage_system,2019-01-19 09:00:00,1755219840.8673544
netherlands,hydrogen_storage_system,2019-01-19 10:00:00,1754324426.9447286
netherlands,hydrogen_storage_system,2019-01-19 11:00:00,1754728251.2579396
netherlands,hydrogen_storage_system,2019-01-19 12:00:00,1755191235.7266383
netherlands,hydrogen_storage_system,2019-01-19 13:00:00,1755265000.186845
netherlands,hydrogen_storage_system,2019-01-19 14:00:00,1754558096.4113767
netherlands,hydrogen_storage_system,2019-01-19 15:00:00,1755354821.832869
netherlands,hydrogen_storage_system,2019-01-19 16:00:00,1756972240.9849985
netherlands,hydrogen_storage_system,2019-01-19 17:00:00,1759178010.891271
netherlands,hydrogen_storage_system,2019-01-19 18:00:00,1761376047.3587058
netherlands,hydrogen_storage_system,2019-01-19 19:00:00,1763358099.4887545
netherlands,hydrogen_storage_system,2019-01-19 20:00:00,1764916944.3487504
netherlands,hydrogen_storage_system,2019-01-19 21:00:00,1765798344.1466186
netherlands,hydrogen_storage_system,2019-01-19 22:00:00,1765886031.984114
netherlands,hydrogen_storage_system,2019-01-19 23:00:00,1763893571.7756772
netherlands,hydrogen_storage_system,2019-01-20 00:00:00,1760309722.6331868
netherlands,hydrogen_storage_system,2019-01-20 01:00:00,1755697176.8571334
netherlands,hydrogen_storage_system,2019-01-20 02:00:00,1750327849.3608909
netherlands,hydrogen_storage_system,2019-01-20 03:00:00,1744159063.566415
netherlands,hydrogen_storage_system,2019-01-20 04:00:00,1737160527.894632
netherlands,hydrogen_storage_system,2019-01-20 05:00:00,1729040995.0274656
netherlands,hydrogen_storage_system,2019-01-20 06:00:00,1719246826.922254
netherlands,hydrogen_storage_system,2019-01-20 07:00:00,1707472534.276473
netherlands,hydrogen_storage_system,2019-01-20 08:00:00,1695668052.8285344
netherlands,hydrogen_storage_system,2019-01-20 09:00:00,1683908543.4109955
netherlands,hydrogen_storage_system,2019-01-20 10:00:00,1672182375.1236892
netherlands,hydrogen_storage_system,2019-01-20 11:00:00,1660322299.74246
netherlands,hydrogen_storage_system,2019-01-20 12:00:00,1647577088.8059
netherlands,hydrogen_storage_system,2019-01-20 13:00:00,1633298728.1753743
netherlands,hydrogen_storage_system,2019-01-20 14:00:00,1616993857.5815337
netherlands,hydrogen_storage_system,2019-01-20 15:00:00,1598262366.889644
netherlands,hydrogen_storage_system,2019-01-20 16:00:00,1577217515.1094077
netherlands,hydrogen_storage_system,2019-01-20 17:00:00,1555905222.0995357
netherlands,hydrogen_storage_system,2019-01-20 18:00:00,1534684534.4885902
netherlands,hydrogen_storage_system,2019-01-20 19:00:00,1513543539.4988058
netherlands,hydrogen_storage_system,2019-01-20 20:00:00,1492842152.229121
netherlands,hydrogen_storage_system,2019-01-20 21:00:00,1472887141.4241078
netherlands,hydrogen_storage_system,2019-01-20 22:00:00,1454020023.9143064
netherlands,hydrogen_storage_system,2019-01-20 23:00:00,1435699317.9887223
netherlands,hydrogen_storage_system,2019-01-21 00:00:00,1417804056.2251678
netherlands,hydrogen_storage_system,2019-01-21 01:00:00,1400302497.1723886
netherlands,hydrogen_storage_system,2019-01-21 02:00:00,1383255748.885392
netherlands,hydrogen_storage_system,2019-01-21 03:00:00,1366602972.0557766
netherlands,hydrogen_storage_system,2019-01-21 04:00:00,1349488340.4704
netherlands,hydrogen_storage_system,2019-01-21 05:00:00,1330223782.5594835
netherlands,hydrogen_storage_system,2019-01-21 06:00:00,1307838640.8791988
netherlands,hydrogen_storage_system,2019-01-21 07:00:00,1283908056.3320875
netherlands,hydrogen_storage_system,2019-01-21 08:00:00,1262901965.0349028
netherlands,hydrogen_storage_system,2019-01-21 09:00:00,1244082099.9868155
netherlands,hydrogen_storage_system,2019-01-21 10:00:00,1225482179.6114001
netherlands,hydrogen_storage_system,2019-01-21 11:00:00,1207623320.7015805
netherlands,hydrogen_storage_system,2019-01-21 12:00:00,1190060050.649927
netherlands,hydrogen_storage_system,2019-01-21 13:00:00,1172113050.2610335
netherlands,hydrogen_storage_system,2019-01-21 14:00:00,1153190197.062078
netherlands,hydrogen_storage_system,2019-01-21 15:00:00,1133238306.6795294
netherlands,hydrogen_storage_system,2019-01-21 16:00:00,1112732898.8228464
netherlands,hydrogen_storage_system,2019-01-21 17:00:00,1095078115.8753102
netherlands,hydrogen_storage_system,2019-01-21 18:00:00,1081258967.0328996
netherlands,hydrogen_storage_system,2019-01-21 19:00:00,1072125051.4586238
netherlands,hydrogen_storage_system,2019-01-21 20:00:00,1068830709.2214473
netherlands,hydrogen_storage_system,2019-01-21 21:00:00,1069891253.9678926
netherlands,hydrogen_storage_system,2019-01-21 22:00:00,1073067029.2376863
netherlands,hydrogen_storage_system,2019-01-21 23:00:00,1077909972.1790442
netherlands,hydrogen_storage_system,2019-01-22 00:00:00,1083433377.7577877
netherlands,hydrogen_storage_system,2019-01-22 01:00:00,1089228775.192127
netherlands,hydrogen_storage_system,2019-01-22 02:00:00,1095381074.0676634
netherlands,hydrogen_storage_system,2019-01-22 03:00:00,1101901944.2738104
netherlands,hydrogen_storage_system,2019-01-22 04:00:00,1108960989.8008876
netherlands,hydrogen_storage_system,2019-01-22 05:00:00,1116228668.5092092
netherlands,hydrogen_storage_system,2019-01-22 06:00:00,1123343976.081715
netherlands,hydrogen_storage_system,2019-01-22 07:00:00,1130807050.394797
netherlands,hydrogen_storage_system,2019-01-22 08:00:00,1139446408.6810791
netherlands,hydrogen_storage_system,2019-01-22 09:00:00,1148180245.7808092
netherlands,hydrogen_storage_system,2019-01-22 10:00:00,1156524526.807706
netherlands,hydrogen_storage_system,2019-01-22 11:00:00,1162638980.1399925
netherlands,hydrogen_storage_system,2019-01-22 12:00:00,1166083920.1223426
netherlands,hydrogen_storage_system,2019-01-22 13:00:00,1167599060.4864838
netherlands,hydrogen_storage_system,2019-01-22 14:00:00,1167742114.7330964
netherlands,hydrogen_storage_system,2019-01-22 15:00:00,1164973877.065907
netherlands,hydrogen_storage_system,2019-01-22 16:00:00,1159735519.8420222
netherlands,hydrogen_storage_system,2019-01-22 17:00:00,1154786942.8871894
netherlands,hydrogen_storage_system,2019-01-22 18:00:00,1151234151.4476478
netherlands,hydrogen_storage_system,2019-01-22 19:00:00,1148649013.1074665
netherlands,hydrogen_storage_system,2019-01-22 20:00:00,1146225553.1594605
netherlands,hydrogen_storage_system,2019-01-22 21:00:00,1144363609.3607833
netherlands,hydrogen_storage_system,2019-01-22 22:00:00,1141555289.1120906
netherlands,hydrogen_storage_system,2019-01-22 23:00:00,1136956414.811891
netherlands,hydrogen_storage_system,2019-01-23 00:00:00,1131228777.0744057
netherlands,hydrogen_storage_system,2019-01-23 01:00:00,1124948534.305056
netherlands,hydrogen_storage_system,2019-01-23 02:00:00,1118458199.307324
netherlands,hydrogen_storage_system,2019-01-23 03:00:00,1111384644.7373488
netherlands,hydrogen_storage_system,2019-01-23 04:00:00,1102015093.5482154
netherlands,hydrogen_storage_system,2019-01-23 05:00:00,1088007871.6336224
netherlands,hydrogen_storage_system,2019-01-23 06:00:00,1067932115.5602685
netherlands,hydrogen_storage_system,2019-01-23 07:00:00,1044245957.7058871
netherlands,hydrogen_storage_system,2019-01-23 08:00:00,1019821069.5810164
netherlands,hydrogen_storage_system,2019-01-23 09:00:00,995950599.9821969
netherlands,hydrogen_storage_system,2019-01-23 10:00:00,974154027.7257667
netherlands,hydrogen_storage_system,2019-01-23 11:00:00,954537346.3820459
netherlands,hydrogen_storage_system,2019-01-23 12:00:00,934608523.8774275
netherlands,hydrogen_storage_system,2019-01-23 13:00:00,913859854.2412288
netherlands,hydrogen_storage_system,2019-01-23 14:00:00,892266529.0333393
netherlands,hydrogen_storage_system,2019-01-23 15:00:00,870656485.4456779
netherlands,hydrogen_storage_system,2019-01-23 16:00:00,848966591.7654881
netherlands,hydrogen_storage_system,2019-01-23 17:00:00,828362913.986149
netherlands,hydrogen_storage_system,2019-01-23 18:00:00,808252355.6121284
netherlands,hydrogen_storage_system,2019-01-23 19:00:00,788576456.763018
netherlands,hydrogen_storage_system,2019-01-23 20:00:00,768913955.3114622
netherlands,hydrogen_storage_system,2019-01-23 21:00:00,749666374.4248364
netherlands,hydrogen_storage_system,2019-01-23 22:00:00,730906601.7077333
netherlands,hydrogen_storage_system,2019-01-23 23:00:00,712611446.8272035
netherlands,hydrogen_storage_system,2019-01-24 00:00:00,694791996.4601839
netherlands,hydrogen_storage_system,2019-01-24 01:00:00,677522454.8552674
netherlands,hydrogen_storage_system,2019-01-24 02:00:00,660458784.5098803
netherlands,hydrogen_storage_system,2019-01-24 03:00:00,642874415.8755045
netherlands,hydrogen_storage_system,2019-01-24 04:00:00,623869873.0904698
netherlands,hydrogen_storage_system,2019-01-24 05:00:00,602230764.6952606
netherlands,hydrogen_storage_system,2019-01-24 06:00:00,576997505.0363873
netherlands,hydrogen_storage_system,2019-01-24 07:00:00,549744670.6618358
netherlands,hydrogen_storage_system,2019-01-24 08:00:00,522867464.20364565
netherlands,hydrogen_storage_system,2019-01-24 09:00:00,497390464.1571956
netherlands,hydrogen_storage_system,2019-01-24 10:00:00,473227599.3037537
netherlands,hydrogen_storage_system,2019-01-24 11:00:00,449909054.9617744
netherlands,hydrogen_storage_system,2019-01-24 12:00:00,426210112.64970624
netherlands,hydrogen_storage_system,2019-01-24 13:00:00,401251388.1424774
netherlands,hydrogen_storage_system,2019-01-24 14:00:00,374934420.77419895
netherlands,hydrogen_storage_system,2019-01-24 15:00:00,347074075.7891009
netherlands,hydrogen_storage_system,2019-01-24 16:00:00,318367994.1842347
netherlands,hydrogen_storage_system,2019-01-24 17:00:00,291583320.5312564
netherlands,hydrogen_storage_system,2019-01-24 18:00:00,267621134.40440935
netherlands,hydrogen_storage_system,2019-01-24 19:00:00,246829203.7319486
netherlands,hydrogen_storage_system,2019-01-24 20:00:00,228464926.383476
netherlands,hydrogen_storage_system,2019-01-24 21:00:00,211709358.96078587
netherlands,hydrogen_storage_system,2019-01-24 22:00:00,195465159.95191163
netherlands,hydrogen_storage_system,2019-01-24 23:00:00,179051942.72524887
netherlands,hydrogen_storage_system,2019-01-25 00:00:00,162776497.7827051
netherlands,hydrogen_storage_system,2019-01-25 01:00:00,146511612.32999253
netherlands,hydrogen_storage_system,2019-01-25 02:00:00,129825449.86332625
netherlands,hydrogen_storage_system,2019-01-25 03:00:00,112884953.81183924
netherlands,hydrogen_storage_system,2019-01-25 04:00:00,95584336.89656857
netherlands,hydrogen_storage_system,2019-01-25 05:00:00,77612939.98733261
netherlands,hydrogen_storage_system,2019-01-25 06:00:00,58137311.409216
netherlands,hydrogen_storage_system,2019-01-25 07:00:00,39064819.36133194
netherlands,hydrogen_storage_system,2019-01-25 08:00:00,22538464.808814205
netherlands,hydrogen_storage_system,2019-01-25 09:00:00,8122233.70131124
netherlands,hydrogen_storage_system,2019-01-25 10:00:00,0.0
netherlands,hydrogen_storage_system,2019-01-25 11:00:00,1002603.2797373886
netherlands,hydrogen_storage_system,2019-01-25 12:00:00,5235075.694963902
netherlands,hydrogen_storage_system,2019-01-25 13:00:00,10626349.441113535
netherlands,hydrogen_storage_system,2019-01-25 14:00:00,15673464.880229246
netherlands,hydrogen_storage_system,2019-01-25 15:00:00,20038302.436329946
netherlands,hydrogen_storage_system,2019-01-25 16:00:00,23714133.30218635
netherlands,hydrogen_storage_system,2019-01-25 17:00:00,28094567.9304137
netherlands,hydrogen_storage_system,2019-01-25 18:00:00,34903203.561420195
netherlands,hydrogen_storage_system,2019-01-25 19:00:00,43136040.19690165
netherlands,hydrogen_storage_system,2019-01-25 20:00:00,52054202.69826338
netherlands,hydrogen_storage_system,2019-01-25 21:00:00,61518049.93138565
netherlands,hydrogen_storage_system,2019-01-25 22:00:00,71759128.26284395
netherlands,hydrogen_storage_system,2019-01-25 23:00:00,82000206.59430225
netherlands,hydrogen_storage_system,2019-01-26 00:00:00,92241284.92576055
netherlands,hydrogen_storage_system,2019-01-26 01:00:00,102482363.25721885
netherlands,hydrogen_storage_system,2019-01-26 02:00:00,112723441.58867714
netherlands,hydrogen_storage_system,2019-01-26 03:00:00,122964519.92013544
netherlands,hydrogen_storage_system,2019-01-26 04:00:00,133205598.25159374
netherlands,hydrogen_storage_system,2019-01-26 05:00:00,143446676.58305204
netherlands,hydrogen_storage_system,2019-01-26 06:00:00,153687754.91451034
netherlands,hydrogen_storage_system,2019-01-26 07:00:00,163928833.24596864
netherlands,hydrogen_storage_system,2019-01-26 08:00:00,172918360.45725328
netherlands,hydrogen_storage_system,2019-01-26 09:00:00,180305206.90149757
netherlands,hydrogen_storage_system,2019-01-26 10:00:00,187974248.06602445
netherlands,hydrogen_storage_system,2019-01-26 11:00:00,196031049.10475072
netherlands,hydrogen_storage_system,2019-01-26 12:00:00,204389178.3615518
netherlands,hydrogen_storage_system,2019-01-26 13:00:00,212780676.6481915
netherlands,hydrogen_storage_system,2019-01-26 14:00:00,221047611.67437702
netherlands,hydrogen_storage_system,2019-01-26 15:00:00,228781079.8095139
netherlands,hydrogen_storage_system,2019-01-26 16:00:00,237196968.9790562
netherlands,hydrogen_storage_system,2019-01-26 17:00:00,247438047.3105145
netherlands,hydrogen_storage_system,2019-01-26 18:00:00,257679125.6419728
netherlands,hydrogen_storage_system,2019-01-26 19:00:00,267920203.9734311
netherlands,hydrogen_storage_system,2019-01-26 20:00:00,278161282.3048894
netherlands,hydrogen_storage_system,2019-01-26 21:00:00,288402360.63634765
netherlands,hydrogen_storage_system,2019-01-26 22:00:00,298643438.9678059
netherlands,hydrogen_storage_system,2019-01-26 23:00:00,308884517.2992642
netherlands,hydrogen_storage_system,2019-01-27 00:00:00,319125595.63072246
netherlands,hydrogen_storage_system,2019-01-27 01:00:00,329366673.96218073
netherlands,hydrogen_storage_system,2019-01-27 02:00:00,339607752.293639
netherlands,hydrogen_storage_system,2019-01-27 03:00:00,349848830.62509733
netherlands,hydrogen_storage_system,2019-01-27 04:00:00,360089908.9565556
netherlands,hydrogen_storage_system,2019-01-27 05:00:00,370330987.2880139
netherlands,hydrogen_storage_system,2019-01-27 06:00:00,377521326.4375995
netherlands,hydrogen_storage_system,2019-01-27 07:00:00,382332763.62941474
netherlands,hydrogen_storage_system,2019-01-27 08:00:00,385416967.08714324
netherlands,hydrogen_storage_system,2019-01-27 09:00:00,388913285.74379647
netherlands,hydrogen_storage_system,2019-01-27 10:00:00,394342149.59171826
netherlands,hydrogen_storage_system,2019-01-27 11:00:00,400923307.23620576
netherlands,hydrogen_storage_system,2019-01-27 12:00:00,407987679.89729947
netherlands,hydrogen_storage_system,2019-01-27 13:00:00,416293737.5751932
netherlands,hydrogen_storage_system,2019-01-27 14:00:00,425447821.50902784
netherlands,hydrogen_storage_system,2019-01-27 15:00:00,435523108.4342834
netherlands,hydrogen_storage_system,2019-01-27 16:00:00,445764186.76574165
netherlands,hydrogen_storage_system,2019-01-27 17:00:00,456005265.0971999
netherlands,hydrogen_storage_system,2019-01-27 18:00:00,466246343.4286582
netherlands,hydrogen_storage_system,2019-01-27 19:00:00,476487421.76011646
netherlands,hydrogen_storage_system,2019-01-27 20:00:00,486728500.0915747
netherlands,hydrogen_storage_system,2019-01-27 21:00:00,496969578.423033
netherlands,hydrogen_storage_system,2019-01-27 22:00:00,507210656.75449127
netherlands,hydrogen_storage_system,2019-01-27 23:00:00,517451735.08594954
netherlands,hydrogen_storage_system,2019-01-28 00:00:00,527692813.4174078
netherlands,hydrogen_storage_system,2019-01-28 01:00:00,537933891.7488661
netherlands,hydrogen_storage_system,2019-01-28 02:00:00,548174970.0803244
netherlands,hydrogen_storage_system,2019-01-28 03:00:00,558416048.4117827
netherlands,hydrogen_storage_system,2019-01-28 04:00:00,568657126.7432411
netherlands,hydrogen_storage_system,2019-01-28 05:00:00,578898205.0746994
netherlands,hydrogen_storage_system,2019-01-28 06:00:00,589139283.4061577
netherlands,hydrogen_storage_system,2019-01-28 07:00:00,599380361.7376158
netherlands,hydrogen_storage_system,2019-01-28 08:00:00,609621440.0690742
netherlands,hydrogen_storage_system,2019-01-28 09:00:00,619862518.4005325
netherlands,hydrogen_storage_system,2019-01-28 10:00:00,630103596.7319908
netherlands,hydrogen_storage_system,2019-01-28 11:00:00,640344675.0634491
netherlands,hydrogen_storage_system,2019-01-28 12:00:00,650585753.3949075
netherlands,hydrogen_storage_system,2019-01-28 13:00:00,660826831.7263658
netherlands,hydrogen_storage_system,2019-01-28 14:00:00,671067910.0578241
netherlands,hydrogen_storage_system,2019-01-28 15:00:00,680079596.7798891
netherlands,hydrogen_storage_system,2019-01-28 16:00:00,687859008.8762891
netherlands,hydrogen_storage_system,2019-01-28 17:00:00,694974718.4814625
netherlands,hydrogen_storage_system,2019-01-28 18:00:00,701003525.270365
netherlands,hydrogen_storage_system,2019-01-28 19:00:00,706214251.1285982
netherlands,hydrogen_storage_system,2019-01-28 20:00:00,711105753.5973594
netherlands,hydrogen_storage_system,2019-01-28 21:00:00,715177917.6901402
netherlands,hydrogen_storage_system,2019-01-28 22:00:00,718544183.8075453
netherlands,hydrogen_storage_system,2019-01-28 23:00:00,721247896.7460651
netherlands,hydrogen_storage_system,2019-01-29 00:00:00,723143707.4927539
netherlands,hydrogen_storage_system,2019-01-29 01:00:00,724035042.3920158
netherlands,hydrogen_storage_system,2019-01-29 02:00:00,724141179.5488714
netherlands,hydrogen_storage_system,2019-01-29 03:00:00,724157226.2971971
netherlands,hydrogen_storage_system,2019-01-29 04:00:00,724698585.7199918
netherlands,hydrogen_storage_system,2019-01-29 05:00:00,725708913.7717011
netherlands,hydrogen_storage_system,2019-01-29 06:00:00,726626687.4499658
netherlands,hydrogen_storage_system,2019-01-29 07:00:00,727549024.7716355
netherlands,hydrogen_storage_system,2019-01-29 08:00:00,728663928.7594174
netherlands,hydrogen_storage_system,2019-01-29 09:00:00,729911902.3671149
netherlands,hydrogen_storage_system,2019-01-29 10:00:00,732650379.7094281
netherlands,hydrogen_storage_system,2019-01-29 11:00:00,736973139.7493274
netherlands,hydrogen_storage_system,2019-01-29 12:00:00,740979442.2134078
netherlands,hydrogen_storage_system,2019-01-29 13:00:00,743746889.6881566
netherlands,hydrogen_storage_system,2019-01-29 14:00:00,744438958.3100802
netherlands,hydrogen_storage_system,2019-01-29 15:00:00,743174420.1133289
netherlands,hydrogen_storage_system,2019-01-29 16:00:00,742316326.1903975
netherlands,hydrogen_storage_system,2019-01-29 17:00:00,742809278.7354494
netherlands,hydrogen_storage_system,2019-01-29 18:00:00,743865911.8111116
netherlands,hydrogen_storage_system,2019-01-29 19:00:00,745204526.1782438
netherlands,hydrogen_storage_system,2019-01-29 20:00:00,746602536.4827029
netherlands,hydrogen_storage_system,2019-01-29 21:00:00,748077137.7262434
netherlands,hydrogen_storage_system,2019-01-29 22:00:00,749487353.8362098
netherlands,hydrogen_storage_system,2019-01-29 23:00:00,750614434.1720093
netherlands,hydrogen_storage_system,2019-01-30 00:00:00,751270347.6251122
netherlands,hydrogen_storage_system,2019-01-30 01:00:00,751398337.4955183
netherlands,hydrogen_storage_system,2019-01-30 02:00:00,749873021.5213032
netherlands,hydrogen_storage_system,2019-01-30 03:00:00,746209544.2784563
netherlands,hydrogen_storage_system,2019-01-30 04:00:00,739132757.8418323
netherlands,hydrogen_storage_system,2019-01-30 05:00:00,726986329.8026607
netherlands,hydrogen_storage_system,2019-01-30 06:00:00,708883324.2837574
netherlands,hydrogen_storage_system,2019-01-30 07:00:00,686955569.0071889
netherlands,hydrogen_storage_system,2019-01-30 08:00:00,662824763.5271727
netherlands,hydrogen_storage_system,2019-01-30 09:00:00,637809666.6127985
netherlands,hydrogen_storage_system,2019-01-30 10:00:00,613038725.2192876
netherlands,hydrogen_storage_system,2019-01-30 11:00:00,588296836.105406
netherlands,hydrogen_storage_system,2019-01-30 12:00:00,562798794.9984103
netherlands,hydrogen_storage_system,2019-01-30 13:00:00,536905634.5197328
netherlands,hydrogen_storage_system,2019-01-30 14:00:00,510743998.2007021
netherlands,hydrogen_storage_system,2019-01-30 15:00:00,484566869.4456624
netherlands,hydrogen_storage_system,2019-01-30 16:00:00,458095076.6811762
netherlands,hydrogen_storage_system,2019-01-30 17:00:00,433923617.55603755
netherlands,hydrogen_storage_system,2019-01-30 18:00:00,412521499.60266364
netherlands,hydrogen_storage_system,2019-01-30 19:00:00,394966208.1765819
netherlands,hydrogen_storage_system,2019-01-30 20:00:00,381600595.0742998
netherlands,hydrogen_storage_system,2019-01-30 21:00:00,371725955.9483403
netherlands,hydrogen_storage_system,2019-01-30 22:00:00,363280600.5906904
netherlands,hydrogen_storage_system,2019-01-30 23:00:00,354826276.1082284
netherlands,hydrogen_storage_system,2019-01-31 00:00:00,346386806.91136193
netherlands,hydrogen_storage_system,2019-01-31 01:00:00,338528975.33150077
netherlands,hydrogen_storage_system,2019-01-31 02:00:00,331868273.01461655
netherlands,hydrogen_storage_system,2019-01-31 03:00:00,326473867.4457268
netherlands,hydrogen_storage_system,2019-01-31 04:00:00,321342990.96352756
netherlands,hydrogen_storage_system,2019-01-31 05:00:00,314154663.1702142
netherlands,hydrogen_storage_system,2019-01-31 06:00:00,303329373.1618895
netherlands,hydrogen_storage_system,2019-01-31 07:00:00,290411410.2260557
netherlands,hydrogen_storage_system,2019-01-31 08:00:00,276801335.37890345
netherlands,hydrogen_storage_system,2019-01-31 09:00:00,263849848.51488495
netherlands,hydrogen_storage_system,2019-01-31 10:00:00,253004127.45235646
netherlands,hydrogen_storage_system,2019-01-31 11:00:00,243523970.20734182
netherlands,hydrogen_storage_system,2019-01-31 12:00:00,233518988.12808204
netherlands,hydrogen_storage_system,2019-01-31 13:00:00,221269323.57367092
netherlands,hydrogen_storage_system,2019-01-31 14:00:00,205449691.9515951
netherlands,hydrogen_storage_system,2019-01-31 15:00:00,187470859.57146466
netherlands,hydrogen_storage_system,2019-01-31 16:00:00,169999536.30737638
netherlands,hydrogen_storage_system,2019-01-31 17:00:00,156679395.67859447
netherlands,hydrogen_storage_system,2019-01-31 18:00:00,149378275.1565977
netherlands,hydrogen_storage_system,2019-01-31 19:00:00,148938684.1094996
netherlands,hydrogen_storage_system,2019-01-31 20:00:00,150683084.26574275
netherlands,hydrogen_storage_system,2019-01-31 21:00:00,153588304.62349716
netherlands,hydrogen_storage_system,2019-01-31 22:00:00,157846893.86425057
netherlands,hydrogen_storage_system,2019-01-31 23:00:00,162969598.59973997
